[{"model": "admin.logentry", "pk": 1, "fields": {"action_time": "2022-03-21T15:24:23.191Z", "user": 1, "content_type": 9, "object_id": "1", "object_repr": "Publisher object (1)", "action_flag": 1, "change_message": "[{\"added\": {}}]"}}, {"model": "admin.logentry", "pk": 2, "fields": {"action_time": "2022-03-21T15:25:13.561Z", "user": 1, "content_type": 7, "object_id": "1", "object_repr": "Developer object (1)", "action_flag": 1, "change_message": "[{\"added\": {}}]"}}, {"model": "admin.logentry", "pk": 3, "fields": {"action_time": "2022-03-21T15:26:31.963Z", "user": 1, "content_type": 8, "object_id": "1", "object_repr": "Game object (1)", "action_flag": 1, "change_message": "[{\"added\": {}}]"}}, {"model": "admin.logentry", "pk": 4, "fields": {"action_time": "2022-03-21T15:27:41.129Z", "user": 1, "content_type": 10, "object_id": "1", "object_repr": "Platform object (1)", "action_flag": 1, "change_message": "[{\"added\": {}}]"}}, {"model": "admin.logentry", "pk": 5, "fields": {"action_time": "2022-03-21T15:27:44.722Z", "user": 1, "content_type": 10, "object_id": "2", "object_repr": "Platform object (2)", "action_flag": 1, "change_message": "[{\"added\": {}}]"}}, {"model": "admin.logentry", "pk": 6, "fields": {"action_time": "2022-04-25T14:40:08.352Z", "user": 1, "content_type": 8, "object_id": "1", "object_repr": "God of War", "action_flag": 2, "change_message": "[{\"changed\": {\"fields\": [\"Coverimage\"]}}]"}}, {"model": "admin.logentry", "pk": 7, "fields": {"action_time": "2022-04-25T14:40:16.245Z", "user": 1, "content_type": 8, "object_id": "1", "object_repr": "God of War", "action_flag": 2, "change_message": "[{\"changed\": {\"fields\": [\"Coverimage\"]}}]"}}, {"model": "admin.logentry", "pk": 8, "fields": {"action_time": "2022-04-25T14:49:55.238Z", "user": 1, "content_type": 8, "object_id": "1", "object_repr": "God of War", "action_flag": 2, "change_message": "[{\"changed\": {\"fields\": [\"Coverimage\"]}}]"}}, {"model": "admin.logentry", "pk": 9, "fields": {"action_time": "2022-04-25T14:50:00.549Z", "user": 1, "content_type": 8, "object_id": "1", "object_repr": "God of War", "action_flag": 2, "change_message": "[{\"changed\": {\"fields\": [\"Coverimage\"]}}]"}}, {"model": "admin.logentry", "pk": 10, "fields": {"action_time": "2022-04-25T14:53:43.937Z", "user": 1, "content_type": 9, "object_id": "2", "object_repr": "Rockstar Studios", "action_flag": 1, "change_message": "[{\"added\": {}}]"}}, {"model": "admin.logentry", "pk": 11, "fields": {"action_time": "2022-04-25T14:54:19.862Z", "user": 1, "content_type": 7, "object_id": "2", "object_repr": "Rockstar Games", "action_flag": 1, "change_message": "[{\"added\": {}}]"}}, {"model": "admin.logentry", "pk": 12, "fields": {"action_time": "2022-04-25T14:54:53.862Z", "user": 1, "content_type": 8, "object_id": "2", "object_repr": "Red Dead Redemption 2", "action_flag": 1, "change_message": "[{\"added\": {}}]"}}, {"model": "admin.logentry", "pk": 13, "fields": {"action_time": "2022-04-25T14:59:06.448Z", "user": 1, "content_type": 9, "object_id": "3", "object_repr": "Techland", "action_flag": 1, "change_message": "[{\"added\": {}}]"}}, {"model": "admin.logentry", "pk": 14, "fields": {"action_time": "2022-04-25T14:59:19.852Z", "user": 1, "content_type": 7, "object_id": "3", "object_repr": "Techland", "action_flag": 1, "change_message": "[{\"added\": {}}]"}}, {"model": "admin.logentry", "pk": 15, "fields": {"action_time": "2022-04-25T14:59:31.374Z", "user": 1, "content_type": 8, "object_id": "3", "object_repr": "Dying Light 2", "action_flag": 1, "change_message": "[{\"added\": {}}]"}}, {"model": "admin.logentry", "pk": 16, "fields": {"action_time": "2022-04-25T15:00:55.677Z", "user": 1, "content_type": 8, "object_id": "3", "object_repr": "Dying Light 2", "action_flag": 2, "change_message": "[{\"changed\": {\"fields\": [\"Coverimage\"]}}]"}}, {"model": "admin.logentry", "pk": 17, "fields": {"action_time": "2022-04-25T15:01:00.455Z", "user": 1, "content_type": 8, "object_id": "3", "object_repr": "Dying Light 2", "action_flag": 2, "change_message": "[{\"changed\": {\"fields\": [\"Coverimage\"]}}]"}}, {"model": "admin.logentry", "pk": 18, "fields": {"action_time": "2022-04-25T15:01:45.530Z", "user": 1, "content_type": 8, "object_id": "3", "object_repr": "Dying Light 2", "action_flag": 2, "change_message": "[{\"changed\": {\"fields\": [\"Coverimage\"]}}]"}}, {"model": "admin.logentry", "pk": 19, "fields": {"action_time": "2022-04-25T15:02:03.583Z", "user": 1, "content_type": 8, "object_id": "3", "object_repr": "Dying Light 2", "action_flag": 2, "change_message": "[{\"changed\": {\"fields\": [\"Coverimage\"]}}]"}}, {"model": "admin.logentry", "pk": 20, "fields": {"action_time": "2022-04-25T15:02:35.041Z", "user": 1, "content_type": 8, "object_id": "3", "object_repr": "Dying Light 2", "action_flag": 2, "change_message": "[{\"changed\": {\"fields\": [\"Coverimage\"]}}]"}}, {"model": "admin.logentry", "pk": 21, "fields": {"action_time": "2022-04-25T15:02:42.067Z", "user": 1, "content_type": 8, "object_id": "3", "object_repr": "Dying Light 2", "action_flag": 2, "change_message": "[{\"changed\": {\"fields\": [\"Coverimage\"]}}]"}}, {"model": "admin.logentry", "pk": 22, "fields": {"action_time": "2022-04-25T19:35:19.029Z", "user": 1, "content_type": 9, "object_id": "4", "object_repr": "CD PROJECT RED", "action_flag": 1, "change_message": "[{\"added\": {}}]"}}, {"model": "admin.logentry", "pk": 23, "fields": {"action_time": "2022-04-25T19:35:40.115Z", "user": 1, "content_type": 7, "object_id": "4", "object_repr": "CD PROJECT RED", "action_flag": 1, "change_message": "[{\"added\": {}}]"}}, {"model": "admin.logentry", "pk": 24, "fields": {"action_time": "2022-04-25T19:35:52.281Z", "user": 1, "content_type": 9, "object_id": "4", "object_repr": "CD PROJEKT RED", "action_flag": 2, "change_message": "[{\"changed\": {\"fields\": [\"Name\"]}}]"}}, {"model": "admin.logentry", "pk": 25, "fields": {"action_time": "2022-04-25T19:35:59.283Z", "user": 1, "content_type": 9, "object_id": "4", "object_repr": "CD PROJEKT RED", "action_flag": 2, "change_message": "[]"}}, {"model": "admin.logentry", "pk": 26, "fields": {"action_time": "2022-04-25T19:36:00.807Z", "user": 1, "content_type": 7, "object_id": "4", "object_repr": "CD PROJECT RED", "action_flag": 2, "change_message": "[]"}}, {"model": "admin.logentry", "pk": 27, "fields": {"action_time": "2022-04-25T19:36:12.136Z", "user": 1, "content_type": 7, "object_id": "4", "object_repr": "CD PROJECT RED", "action_flag": 3, "change_message": ""}}, {"model": "admin.logentry", "pk": 28, "fields": {"action_time": "2022-04-25T19:36:23.024Z", "user": 1, "content_type": 7, "object_id": "5", "object_repr": "CD PROJEKT RED", "action_flag": 1, "change_message": "[{\"added\": {}}]"}}, {"model": "admin.logentry", "pk": 29, "fields": {"action_time": "2022-04-25T19:37:24.793Z", "user": 1, "content_type": 8, "object_id": "4", "object_repr": "Cyberpunk 2077", "action_flag": 1, "change_message": "[{\"added\": {}}]"}}, {"model": "admin.logentry", "pk": 30, "fields": {"action_time": "2022-04-25T19:42:02.488Z", "user": 1, "content_type": 8, "object_id": "4", "object_repr": "Cyberpunk 2077", "action_flag": 2, "change_message": "[{\"changed\": {\"fields\": [\"Coverimage\"]}}]"}}, {"model": "admin.logentry", "pk": 31, "fields": {"action_time": "2022-04-25T19:42:10.497Z", "user": 1, "content_type": 8, "object_id": "4", "object_repr": "Cyberpunk 2077", "action_flag": 2, "change_message": "[{\"changed\": {\"fields\": [\"Coverimage\"]}}]"}}, {"model": "admin.logentry", "pk": 32, "fields": {"action_time": "2022-04-25T19:43:06.374Z", "user": 1, "content_type": 8, "object_id": "4", "object_repr": "Cyberpunk 2077", "action_flag": 2, "change_message": "[{\"changed\": {\"fields\": [\"Coverimage\"]}}]"}}, {"model": "admin.logentry", "pk": 33, "fields": {"action_time": "2022-04-25T19:43:12.146Z", "user": 1, "content_type": 8, "object_id": "4", "object_repr": "Cyberpunk 2077", "action_flag": 2, "change_message": "[{\"changed\": {\"fields\": [\"Coverimage\"]}}]"}}, {"model": "admin.logentry", "pk": 34, "fields": {"action_time": "2022-04-25T20:14:39.927Z", "user": 1, "content_type": 8, "object_id": "4", "object_repr": "Cyberpunk 2077", "action_flag": 2, "change_message": "[{\"changed\": {\"fields\": [\"Coverimage\"]}}]"}}, {"model": "admin.logentry", "pk": 35, "fields": {"action_time": "2022-04-25T20:14:45.117Z", "user": 1, "content_type": 8, "object_id": "4", "object_repr": "Cyberpunk 2077", "action_flag": 2, "change_message": "[{\"changed\": {\"fields\": [\"Coverimage\"]}}]"}}, {"model": "admin.logentry", "pk": 36, "fields": {"action_time": "2022-04-25T20:15:17.492Z", "user": 1, "content_type": 8, "object_id": "4", "object_repr": "Cyberpunk 2077", "action_flag": 2, "change_message": "[{\"changed\": {\"fields\": [\"Coverimage\"]}}]"}}, {"model": "admin.logentry", "pk": 37, "fields": {"action_time": "2022-04-25T20:15:23.725Z", "user": 1, "content_type": 8, "object_id": "4", "object_repr": "Cyberpunk 2077", "action_flag": 2, "change_message": "[{\"changed\": {\"fields\": [\"Coverimage\"]}}]"}}, {"model": "admin.logentry", "pk": 38, "fields": {"action_time": "2022-04-25T20:15:46.097Z", "user": 1, "content_type": 8, "object_id": "4", "object_repr": "Cyberpunk 2077", "action_flag": 2, "change_message": "[{\"changed\": {\"fields\": [\"Coverimage\"]}}]"}}, {"model": "admin.logentry", "pk": 39, "fields": {"action_time": "2022-04-25T20:16:46.668Z", "user": 1, "content_type": 8, "object_id": "4", "object_repr": "Cyberpunk 2077", "action_flag": 2, "change_message": "[{\"changed\": {\"fields\": [\"Coverimage\"]}}]"}}, {"model": "admin.logentry", "pk": 40, "fields": {"action_time": "2022-04-25T20:20:39.852Z", "user": 1, "content_type": 8, "object_id": "4", "object_repr": "Cyberpunk 2077", "action_flag": 2, "change_message": "[{\"changed\": {\"fields\": [\"Coverimage\"]}}]"}}, {"model": "admin.logentry", "pk": 41, "fields": {"action_time": "2022-04-25T20:20:45.910Z", "user": 1, "content_type": 8, "object_id": "4", "object_repr": "Cyberpunk 2077", "action_flag": 2, "change_message": "[{\"changed\": {\"fields\": [\"Coverimage\"]}}]"}}, {"model": "admin.logentry", "pk": 42, "fields": {"action_time": "2022-04-25T20:27:55.541Z", "user": 1, "content_type": 8, "object_id": "2", "object_repr": "Red Dead Redemption 2", "action_flag": 2, "change_message": "[{\"changed\": {\"fields\": [\"Coverimage\"]}}]"}}, {"model": "admin.logentry", "pk": 43, "fields": {"action_time": "2022-04-25T20:27:59.520Z", "user": 1, "content_type": 8, "object_id": "3", "object_repr": "Dying Light 2", "action_flag": 2, "change_message": "[{\"changed\": {\"fields\": [\"Coverimage\"]}}]"}}, {"model": "admin.logentry", "pk": 44, "fields": {"action_time": "2022-04-25T20:28:07.566Z", "user": 1, "content_type": 8, "object_id": "2", "object_repr": "Red Dead Redemption 2", "action_flag": 2, "change_message": "[{\"changed\": {\"fields\": [\"Coverimage\"]}}]"}}, {"model": "admin.logentry", "pk": 45, "fields": {"action_time": "2022-04-25T20:29:01.359Z", "user": 1, "content_type": 8, "object_id": "3", "object_repr": "Dying Light 2", "action_flag": 2, "change_message": "[{\"changed\": {\"fields\": [\"Coverimage\"]}}]"}}, {"model": "admin.logentry", "pk": 46, "fields": {"action_time": "2022-04-25T20:29:45.133Z", "user": 1, "content_type": 8, "object_id": "3", "object_repr": "Dying Light 2", "action_flag": 2, "change_message": "[{\"changed\": {\"fields\": [\"Coverimage\"]}}]"}}, {"model": "admin.logentry", "pk": 47, "fields": {"action_time": "2022-04-25T20:29:50.665Z", "user": 1, "content_type": 8, "object_id": "3", "object_repr": "Dying Light 2", "action_flag": 2, "change_message": "[{\"changed\": {\"fields\": [\"Coverimage\"]}}]"}}, {"model": "admin.logentry", "pk": 48, "fields": {"action_time": "2022-04-25T20:30:27.252Z", "user": 1, "content_type": 8, "object_id": "3", "object_repr": "Dying Light 2", "action_flag": 2, "change_message": "[{\"changed\": {\"fields\": [\"Coverimage\"]}}]"}}, {"model": "admin.logentry", "pk": 49, "fields": {"action_time": "2022-04-25T20:30:36.141Z", "user": 1, "content_type": 8, "object_id": "3", "object_repr": "Dying Light 2", "action_flag": 2, "change_message": "[{\"changed\": {\"fields\": [\"Coverimage\"]}}]"}}, {"model": "admin.logentry", "pk": 50, "fields": {"action_time": "2022-04-25T20:30:40.285Z", "user": 1, "content_type": 8, "object_id": "3", "object_repr": "Dying Light 2", "action_flag": 2, "change_message": "[]"}}, {"model": "admin.logentry", "pk": 51, "fields": {"action_time": "2022-04-25T20:31:15.258Z", "user": 1, "content_type": 8, "object_id": "3", "object_repr": "Dying Light 2", "action_flag": 2, "change_message": "[]"}}, {"model": "admin.logentry", "pk": 52, "fields": {"action_time": "2022-04-25T20:33:43.854Z", "user": 1, "content_type": 8, "object_id": "5", "object_repr": "The Witcher 3: Wild Hunt", "action_flag": 1, "change_message": "[{\"added\": {}}]"}}, {"model": "admin.logentry", "pk": 53, "fields": {"action_time": "2022-04-25T20:34:36.291Z", "user": 1, "content_type": 8, "object_id": "5", "object_repr": "The Witcher 3: Wild Hunt", "action_flag": 2, "change_message": "[{\"changed\": {\"fields\": [\"Coverimage\"]}}]"}}, {"model": "admin.logentry", "pk": 54, "fields": {"action_time": "2022-04-25T20:34:42.549Z", "user": 1, "content_type": 8, "object_id": "5", "object_repr": "The Witcher 3: Wild Hunt", "action_flag": 2, "change_message": "[{\"changed\": {\"fields\": [\"Coverimage\"]}}]"}}, {"model": "admin.logentry", "pk": 55, "fields": {"action_time": "2022-04-25T20:36:28.006Z", "user": 1, "content_type": 8, "object_id": "5", "object_repr": "The Witcher 3: Wild Hunt", "action_flag": 2, "change_message": "[{\"changed\": {\"fields\": [\"Coverimage\"]}}]"}}, {"model": "admin.logentry", "pk": 56, "fields": {"action_time": "2022-04-25T20:36:35.843Z", "user": 1, "content_type": 8, "object_id": "5", "object_repr": "The Witcher 3: Wild Hunt", "action_flag": 2, "change_message": "[{\"changed\": {\"fields\": [\"Coverimage\"]}}]"}}, {"model": "admin.logentry", "pk": 57, "fields": {"action_time": "2022-04-25T20:36:40.531Z", "user": 1, "content_type": 8, "object_id": "5", "object_repr": "The Witcher 3: Wild Hunt", "action_flag": 2, "change_message": "[{\"changed\": {\"fields\": [\"Coverimage\"]}}]"}}, {"model": "admin.logentry", "pk": 58, "fields": {"action_time": "2022-04-25T20:37:49.557Z", "user": 1, "content_type": 8, "object_id": "5", "object_repr": "The Witcher 3: Wild Hunt", "action_flag": 2, "change_message": "[{\"changed\": {\"fields\": [\"Coverimage\"]}}]"}}, {"model": "admin.logentry", "pk": 59, "fields": {"action_time": "2022-04-25T20:39:17.453Z", "user": 1, "content_type": 8, "object_id": "5", "object_repr": "The Witcher 3: Wild Hunt", "action_flag": 2, "change_message": "[{\"changed\": {\"fields\": [\"Coverimage\"]}}]"}}, {"model": "admin.logentry", "pk": 60, "fields": {"action_time": "2022-04-25T20:39:38.731Z", "user": 1, "content_type": 8, "object_id": "5", "object_repr": "The Witcher 3: Wild Hunt", "action_flag": 2, "change_message": "[{\"changed\": {\"fields\": [\"Coverimage\"]}}]"}}, {"model": "admin.logentry", "pk": 61, "fields": {"action_time": "2022-04-25T20:41:40.793Z", "user": 1, "content_type": 8, "object_id": "5", "object_repr": "The Witcher 3: Wild Hunt", "action_flag": 2, "change_message": "[{\"changed\": {\"fields\": [\"Coverimage\"]}}]"}}, {"model": "admin.logentry", "pk": 62, "fields": {"action_time": "2022-04-25T20:41:45.894Z", "user": 1, "content_type": 8, "object_id": "5", "object_repr": "The Witcher 3: Wild Hunt", "action_flag": 2, "change_message": "[{\"changed\": {\"fields\": [\"Coverimage\"]}}]"}}, {"model": "admin.logentry", "pk": 63, "fields": {"action_time": "2022-04-25T20:47:13.250Z", "user": 1, "content_type": 8, "object_id": "6", "object_repr": "Grand Theft Auto: San Andreas", "action_flag": 1, "change_message": "[{\"added\": {}}]"}}, {"model": "admin.logentry", "pk": 64, "fields": {"action_time": "2022-04-25T20:50:17.887Z", "user": 1, "content_type": 9, "object_id": "5", "object_repr": "Starbreeze Studios", "action_flag": 1, "change_message": "[{\"added\": {}}]"}}, {"model": "admin.logentry", "pk": 65, "fields": {"action_time": "2022-04-25T20:50:30.378Z", "user": 1, "content_type": 7, "object_id": "6", "object_repr": "Behaviour Interactive", "action_flag": 1, "change_message": "[{\"added\": {}}]"}}, {"model": "admin.logentry", "pk": 66, "fields": {"action_time": "2022-04-25T20:50:33.017Z", "user": 1, "content_type": 9, "object_id": "5", "object_repr": "Starbreeze Studios", "action_flag": 3, "change_message": ""}}, {"model": "admin.logentry", "pk": 67, "fields": {"action_time": "2022-04-25T20:50:44.560Z", "user": 1, "content_type": 9, "object_id": "6", "object_repr": "Starbreeze Studios", "action_flag": 1, "change_message": "[{\"added\": {}}]"}}, {"model": "admin.logentry", "pk": 68, "fields": {"action_time": "2022-04-25T20:50:50.149Z", "user": 1, "content_type": 8, "object_id": "7", "object_repr": "Dead by Daylight", "action_flag": 1, "change_message": "[{\"added\": {}}]"}}, {"model": "admin.logentry", "pk": 69, "fields": {"action_time": "2022-04-25T20:51:16.232Z", "user": 1, "content_type": 8, "object_id": "5", "object_repr": "The Witcher 3: Wild Hunt", "action_flag": 2, "change_message": "[{\"changed\": {\"fields\": [\"Coverimage\"]}}]"}}, {"model": "admin.logentry", "pk": 70, "fields": {"action_time": "2022-04-25T20:51:22.674Z", "user": 1, "content_type": 8, "object_id": "5", "object_repr": "The Witcher 3: Wild Hunt", "action_flag": 2, "change_message": "[{\"changed\": {\"fields\": [\"Coverimage\"]}}]"}}, {"model": "admin.logentry", "pk": 71, "fields": {"action_time": "2022-04-25T20:51:30.164Z", "user": 1, "content_type": 8, "object_id": "5", "object_repr": "The Witcher 3: Wild Hunt", "action_flag": 2, "change_message": "[{\"changed\": {\"fields\": [\"Coverimage\"]}}]"}}, {"model": "admin.logentry", "pk": 72, "fields": {"action_time": "2022-04-25T20:51:57.896Z", "user": 1, "content_type": 8, "object_id": "5", "object_repr": "The Witcher 3: Wild Hunt", "action_flag": 2, "change_message": "[{\"changed\": {\"fields\": [\"Coverimage\"]}}]"}}, {"model": "admin.logentry", "pk": 73, "fields": {"action_time": "2022-04-25T20:52:12.193Z", "user": 1, "content_type": 8, "object_id": "5", "object_repr": "The Witcher 3: Wild Hunt", "action_flag": 2, "change_message": "[{\"changed\": {\"fields\": [\"Coverimage\"]}}]"}}, {"model": "admin.logentry", "pk": 74, "fields": {"action_time": "2022-04-25T20:52:18.645Z", "user": 1, "content_type": 8, "object_id": "5", "object_repr": "The Witcher 3: Wild Hunt", "action_flag": 2, "change_message": "[{\"changed\": {\"fields\": [\"Coverimage\"]}}]"}}, {"model": "admin.logentry", "pk": 75, "fields": {"action_time": "2022-04-25T20:52:26.260Z", "user": 1, "content_type": 8, "object_id": "5", "object_repr": "The Witcher 3: Wild Hunt", "action_flag": 2, "change_message": "[{\"changed\": {\"fields\": [\"Coverimage\"]}}]"}}, {"model": "admin.logentry", "pk": 76, "fields": {"action_time": "2022-04-25T20:52:45.921Z", "user": 1, "content_type": 8, "object_id": "5", "object_repr": "The Witcher 3: Wild Hunt", "action_flag": 2, "change_message": "[{\"changed\": {\"fields\": [\"Coverimage\"]}}]"}}, {"model": "admin.logentry", "pk": 77, "fields": {"action_time": "2022-04-25T20:54:17.872Z", "user": 1, "content_type": 9, "object_id": "7", "object_repr": "XBOX Game Studios", "action_flag": 1, "change_message": "[{\"added\": {}}]"}}, {"model": "admin.logentry", "pk": 78, "fields": {"action_time": "2022-04-25T20:54:34.920Z", "user": 1, "content_type": 7, "object_id": "7", "object_repr": "The Coalition", "action_flag": 1, "change_message": "[{\"added\": {}}]"}}, {"model": "admin.logentry", "pk": 79, "fields": {"action_time": "2022-04-25T20:54:37.312Z", "user": 1, "content_type": 8, "object_id": "8", "object_repr": "Gears 5", "action_flag": 1, "change_message": "[{\"added\": {}}]"}}, {"model": "admin.logentry", "pk": 80, "fields": {"action_time": "2022-04-25T20:54:58.916Z", "user": 1, "content_type": 8, "object_id": "8", "object_repr": "Gears 5", "action_flag": 2, "change_message": "[{\"changed\": {\"fields\": [\"Coverimage\"]}}]"}}, {"model": "admin.logentry", "pk": 81, "fields": {"action_time": "2022-04-25T20:55:04.810Z", "user": 1, "content_type": 8, "object_id": "8", "object_repr": "Gears 5", "action_flag": 2, "change_message": "[{\"changed\": {\"fields\": [\"Coverimage\"]}}]"}}, {"model": "admin.logentry", "pk": 82, "fields": {"action_time": "2022-04-26T11:06:47.892Z", "user": 1, "content_type": 8, "object_id": "8", "object_repr": "Gears 5", "action_flag": 2, "change_message": "[{\"changed\": {\"fields\": [\"Coverimage\"]}}]"}}, {"model": "admin.logentry", "pk": 83, "fields": {"action_time": "2022-04-26T11:07:10.863Z", "user": 1, "content_type": 8, "object_id": "8", "object_repr": "Gears 5", "action_flag": 2, "change_message": "[{\"changed\": {\"fields\": [\"Coverimage\"]}}]"}}, {"model": "admin.logentry", "pk": 84, "fields": {"action_time": "2022-04-26T11:11:35.800Z", "user": 1, "content_type": 8, "object_id": "8", "object_repr": "Gears 5", "action_flag": 2, "change_message": "[{\"changed\": {\"fields\": [\"Coverimage\"]}}]"}}, {"model": "admin.logentry", "pk": 85, "fields": {"action_time": "2022-04-26T11:11:42.765Z", "user": 1, "content_type": 8, "object_id": "8", "object_repr": "Gears 5", "action_flag": 2, "change_message": "[{\"changed\": {\"fields\": [\"Coverimage\"]}}]"}}, {"model": "admin.logentry", "pk": 86, "fields": {"action_time": "2022-06-02T12:36:11.969Z", "user": 1, "content_type": 13, "object_id": "1", "object_repr": "tayyipozan, Dead by Daylight", "action_flag": 3, "change_message": ""}}, {"model": "admin.logentry", "pk": 87, "fields": {"action_time": "2022-06-02T12:46:30.736Z", "user": 1, "content_type": 13, "object_id": "4", "object_repr": "tayyipozan, Dying Light 2", "action_flag": 3, "change_message": ""}}, {"model": "admin.logentry", "pk": 88, "fields": {"action_time": "2022-06-02T12:47:57.371Z", "user": 1, "content_type": 13, "object_id": "359", "object_repr": "deneme, Dead by Daylight", "action_flag": 3, "change_message": ""}}, {"model": "admin.logentry", "pk": 89, "fields": {"action_time": "2022-06-02T12:56:24.795Z", "user": 1, "content_type": 13, "object_id": "364", "object_repr": "deneme, Dead by Daylight", "action_flag": 3, "change_message": ""}}, {"model": "admin.logentry", "pk": 90, "fields": {"action_time": "2022-06-02T12:57:15.413Z", "user": 1, "content_type": 13, "object_id": "366", "object_repr": "deneme, Dying Light 2", "action_flag": 3, "change_message": ""}}, {"model": "admin.logentry", "pk": 91, "fields": {"action_time": "2022-06-02T14:54:14.489Z", "user": 1, "content_type": 8, "object_id": "9", "object_repr": "martı", "action_flag": 1, "change_message": "[{\"added\": {}}]"}}, {"model": "admin.logentry", "pk": 92, "fields": {"action_time": "2022-06-02T14:55:34.460Z", "user": 1, "content_type": 8, "object_id": "9", "object_repr": "martı", "action_flag": 3, "change_message": ""}}, {"model": "admin.logentry", "pk": 93, "fields": {"action_time": "2022-06-02T14:55:50.891Z", "user": 1, "content_type": 8, "object_id": "10", "object_repr": "martı", "action_flag": 1, "change_message": "[{\"added\": {}}]"}}, {"model": "admin.logentry", "pk": 94, "fields": {"action_time": "2022-06-02T14:58:28.985Z", "user": 1, "content_type": 8, "object_id": "10", "object_repr": "martı", "action_flag": 2, "change_message": "[{\"changed\": {\"fields\": [\"Coverimage\"]}}]"}}, {"model": "admin.logentry", "pk": 95, "fields": {"action_time": "2022-06-02T14:58:36.639Z", "user": 1, "content_type": 8, "object_id": "10", "object_repr": "martı", "action_flag": 2, "change_message": "[{\"changed\": {\"fields\": [\"Coverimage\"]}}]"}}, {"model": "admin.logentry", "pk": 96, "fields": {"action_time": "2022-06-02T14:58:40.624Z", "user": 1, "content_type": 8, "object_id": "8", "object_repr": "Gears 5", "action_flag": 2, "change_message": "[{\"changed\": {\"fields\": [\"Coverimage\"]}}]"}}, {"model": "admin.logentry", "pk": 97, "fields": {"action_time": "2022-06-02T14:58:46.588Z", "user": 1, "content_type": 8, "object_id": "8", "object_repr": "Gears 5", "action_flag": 2, "change_message": "[{\"changed\": {\"fields\": [\"Coverimage\"]}}]"}}, {"model": "admin.logentry", "pk": 98, "fields": {"action_time": "2022-06-02T14:59:36.378Z", "user": 1, "content_type": 8, "object_id": "7", "object_repr": "Dead by Daylight", "action_flag": 2, "change_message": "[{\"changed\": {\"fields\": [\"Coverimage\"]}}]"}}, {"model": "admin.logentry", "pk": 99, "fields": {"action_time": "2022-06-02T14:59:42.507Z", "user": 1, "content_type": 8, "object_id": "7", "object_repr": "Dead by Daylight", "action_flag": 2, "change_message": "[{\"changed\": {\"fields\": [\"Coverimage\"]}}]"}}, {"model": "admin.logentry", "pk": 100, "fields": {"action_time": "2022-06-02T14:59:46.125Z", "user": 1, "content_type": 8, "object_id": "6", "object_repr": "Grand Theft Auto: San Andreas", "action_flag": 2, "change_message": "[{\"changed\": {\"fields\": [\"Coverimage\"]}}]"}}, {"model": "admin.logentry", "pk": 101, "fields": {"action_time": "2022-06-02T14:59:52.774Z", "user": 1, "content_type": 8, "object_id": "6", "object_repr": "Grand Theft Auto: San Andreas", "action_flag": 2, "change_message": "[{\"changed\": {\"fields\": [\"Coverimage\"]}}]"}}, {"model": "admin.logentry", "pk": 102, "fields": {"action_time": "2022-06-02T14:59:56.908Z", "user": 1, "content_type": 8, "object_id": "5", "object_repr": "The Witcher 3: Wild Hunt", "action_flag": 2, "change_message": "[{\"changed\": {\"fields\": [\"Coverimage\"]}}]"}}, {"model": "admin.logentry", "pk": 103, "fields": {"action_time": "2022-06-02T15:00:05.300Z", "user": 1, "content_type": 8, "object_id": "5", "object_repr": "The Witcher 3: Wild Hunt", "action_flag": 2, "change_message": "[{\"changed\": {\"fields\": [\"Coverimage\"]}}]"}}, {"model": "admin.logentry", "pk": 104, "fields": {"action_time": "2022-06-02T15:00:08.907Z", "user": 1, "content_type": 8, "object_id": "4", "object_repr": "Cyberpunk 2077", "action_flag": 2, "change_message": "[{\"changed\": {\"fields\": [\"Coverimage\"]}}]"}}, {"model": "admin.logentry", "pk": 105, "fields": {"action_time": "2022-06-02T15:00:13.777Z", "user": 1, "content_type": 8, "object_id": "4", "object_repr": "Cyberpunk 2077", "action_flag": 2, "change_message": "[{\"changed\": {\"fields\": [\"Coverimage\"]}}]"}}, {"model": "admin.logentry", "pk": 106, "fields": {"action_time": "2022-06-02T15:00:17.759Z", "user": 1, "content_type": 8, "object_id": "3", "object_repr": "Dying Light 2", "action_flag": 2, "change_message": "[{\"changed\": {\"fields\": [\"Coverimage\"]}}]"}}, {"model": "admin.logentry", "pk": 107, "fields": {"action_time": "2022-06-02T15:00:22.388Z", "user": 1, "content_type": 8, "object_id": "3", "object_repr": "Dying Light 2", "action_flag": 2, "change_message": "[{\"changed\": {\"fields\": [\"Coverimage\"]}}]"}}, {"model": "admin.logentry", "pk": 108, "fields": {"action_time": "2022-06-02T15:00:25.682Z", "user": 1, "content_type": 8, "object_id": "2", "object_repr": "Red Dead Redemption 2", "action_flag": 2, "change_message": "[{\"changed\": {\"fields\": [\"Coverimage\"]}}]"}}, {"model": "admin.logentry", "pk": 109, "fields": {"action_time": "2022-06-02T15:00:30.691Z", "user": 1, "content_type": 8, "object_id": "2", "object_repr": "Red Dead Redemption 2", "action_flag": 2, "change_message": "[{\"changed\": {\"fields\": [\"Coverimage\"]}}]"}}, {"model": "admin.logentry", "pk": 110, "fields": {"action_time": "2022-06-02T15:00:33.643Z", "user": 1, "content_type": 8, "object_id": "1", "object_repr": "God of War", "action_flag": 2, "change_message": "[{\"changed\": {\"fields\": [\"Coverimage\"]}}]"}}, {"model": "admin.logentry", "pk": 111, "fields": {"action_time": "2022-06-02T15:00:39.354Z", "user": 1, "content_type": 8, "object_id": "1", "object_repr": "God of War", "action_flag": 2, "change_message": "[{\"changed\": {\"fields\": [\"Coverimage\"]}}]"}}, {"model": "admin.logentry", "pk": 112, "fields": {"action_time": "2022-06-02T15:03:14.470Z", "user": 1, "content_type": 13, "object_id": "373", "object_repr": "deneme, Gears 5", "action_flag": 3, "change_message": ""}}, {"model": "admin.logentry", "pk": 113, "fields": {"action_time": "2022-06-02T15:03:16.640Z", "user": 1, "content_type": 13, "object_id": "371", "object_repr": "deneme, Cyberpunk 2077", "action_flag": 3, "change_message": ""}}, {"model": "admin.logentry", "pk": 114, "fields": {"action_time": "2022-06-02T15:03:18.989Z", "user": 1, "content_type": 13, "object_id": "5", "object_repr": "tayyipozan, Dying Light 2", "action_flag": 3, "change_message": ""}}, {"model": "admin.logentry", "pk": 115, "fields": {"action_time": "2022-06-02T15:03:20.954Z", "user": 1, "content_type": 13, "object_id": "2", "object_repr": "tayyipozan, Dead by Daylight", "action_flag": 3, "change_message": ""}}, {"model": "admin.logentry", "pk": 116, "fields": {"action_time": "2022-06-02T15:05:41.590Z", "user": 1, "content_type": 13, "object_id": "379", "object_repr": "deneme, Dead by Daylight", "action_flag": 3, "change_message": ""}}, {"model": "admin.logentry", "pk": 117, "fields": {"action_time": "2022-06-02T15:05:44.584Z", "user": 1, "content_type": 13, "object_id": "378", "object_repr": "deneme, Dead by Daylight", "action_flag": 3, "change_message": ""}}, {"model": "admin.logentry", "pk": 118, "fields": {"action_time": "2022-06-02T15:05:46.397Z", "user": 1, "content_type": 13, "object_id": "377", "object_repr": "deneme, Dead by Daylight", "action_flag": 3, "change_message": ""}}, {"model": "admin.logentry", "pk": 119, "fields": {"action_time": "2022-06-02T15:05:48.626Z", "user": 1, "content_type": 13, "object_id": "376", "object_repr": "deneme, Dead by Daylight", "action_flag": 3, "change_message": ""}}, {"model": "admin.logentry", "pk": 120, "fields": {"action_time": "2022-06-05T14:21:55.027Z", "user": 1, "content_type": 13, "object_id": "390", "object_repr": "sa, martı", "action_flag": 3, "change_message": ""}}, {"model": "admin.logentry", "pk": 121, "fields": {"action_time": "2022-06-05T14:22:03.448Z", "user": 1, "content_type": 13, "object_id": "381", "object_repr": "tayyipozan, martı", "action_flag": 3, "change_message": ""}}, {"model": "admin.logentry", "pk": 122, "fields": {"action_time": "2022-06-05T14:23:33.787Z", "user": 1, "content_type": 8, "object_id": "5", "object_repr": "The Witcher 3: Wild Hunt", "action_flag": 2, "change_message": "[{\"changed\": {\"fields\": [\"Coverimage\"]}}]"}}, {"model": "admin.logentry", "pk": 123, "fields": {"action_time": "2022-06-05T14:24:51.024Z", "user": 1, "content_type": 14, "object_id": "12", "object_repr": "tayyipozan, martı, 5", "action_flag": 3, "change_message": ""}}, {"model": "admin.logentry", "pk": 124, "fields": {"action_time": "2022-06-05T14:24:58.099Z", "user": 1, "content_type": 8, "object_id": "10", "object_repr": "martı", "action_flag": 3, "change_message": ""}}, {"model": "admin.logentry", "pk": 125, "fields": {"action_time": "2022-06-05T14:25:47.116Z", "user": 1, "content_type": 8, "object_id": "4", "object_repr": "Cyberpunk 2077", "action_flag": 2, "change_message": "[{\"changed\": {\"fields\": [\"Coverimage\"]}}]"}}, {"model": "admin.logentry", "pk": 126, "fields": {"action_time": "2022-06-05T14:29:28.162Z", "user": 1, "content_type": 9, "object_id": "8", "object_repr": "Rocksteady Studios", "action_flag": 1, "change_message": "[{\"added\": {}}]"}}, {"model": "admin.logentry", "pk": 127, "fields": {"action_time": "2022-06-05T14:30:00.080Z", "user": 1, "content_type": 9, "object_id": "9", "object_repr": "Warner Bros", "action_flag": 1, "change_message": "[{\"added\": {}}]"}}, {"model": "admin.logentry", "pk": 128, "fields": {"action_time": "2022-06-05T14:30:10.433Z", "user": 1, "content_type": 7, "object_id": "8", "object_repr": "Rocksteady Studios", "action_flag": 1, "change_message": "[{\"added\": {}}]"}}, {"model": "admin.logentry", "pk": 129, "fields": {"action_time": "2022-06-05T14:30:13.332Z", "user": 1, "content_type": 8, "object_id": "11", "object_repr": "Batman Arkham City", "action_flag": 1, "change_message": "[{\"added\": {}}]"}}, {"model": "admin.logentry", "pk": 130, "fields": {"action_time": "2022-06-05T14:31:23.365Z", "user": 1, "content_type": 8, "object_id": "3", "object_repr": "Dying Light 2", "action_flag": 2, "change_message": "[{\"changed\": {\"fields\": [\"Coverimage\"]}}]"}}, {"model": "admin.logentry", "pk": 131, "fields": {"action_time": "2022-06-05T14:34:23.728Z", "user": 1, "content_type": 8, "object_id": "1", "object_repr": "God of War", "action_flag": 2, "change_message": "[{\"changed\": {\"fields\": [\"Coverimage\"]}}]"}}, {"model": "admin.logentry", "pk": 132, "fields": {"action_time": "2022-06-05T14:34:43.890Z", "user": 1, "content_type": 8, "object_id": "2", "object_repr": "Red Dead Redemption 2", "action_flag": 2, "change_message": "[{\"changed\": {\"fields\": [\"Coverimage\"]}}]"}}, {"model": "admin.logentry", "pk": 133, "fields": {"action_time": "2022-06-05T15:05:40.072Z", "user": 1, "content_type": 9, "object_id": "10", "object_repr": "Naughty Dog", "action_flag": 1, "change_message": "[{\"added\": {}}]"}}, {"model": "admin.logentry", "pk": 134, "fields": {"action_time": "2022-06-05T15:05:48.216Z", "user": 1, "content_type": 9, "object_id": "11", "object_repr": "Supergiant Games", "action_flag": 1, "change_message": "[{\"added\": {}}]"}}, {"model": "admin.logentry", "pk": 135, "fields": {"action_time": "2022-06-05T15:05:59.962Z", "user": 1, "content_type": 9, "object_id": "12", "object_repr": "Square Enix", "action_flag": 1, "change_message": "[{\"added\": {}}]"}}, {"model": "admin.logentry", "pk": 136, "fields": {"action_time": "2022-06-05T15:06:06.824Z", "user": 1, "content_type": 9, "object_id": "13", "object_repr": "Sony Computer Entertainment, Inc. (SCEI)", "action_flag": 1, "change_message": "[{\"added\": {}}]"}}, {"model": "admin.logentry", "pk": 137, "fields": {"action_time": "2022-06-05T15:06:33.899Z", "user": 1, "content_type": 7, "object_id": "9", "object_repr": "Naughty Dog", "action_flag": 1, "change_message": "[{\"added\": {}}]"}}, {"model": "admin.logentry", "pk": 138, "fields": {"action_time": "2022-06-05T15:06:40.745Z", "user": 1, "content_type": 9, "object_id": "10", "object_repr": "Naughty Dog", "action_flag": 3, "change_message": ""}}, {"model": "admin.logentry", "pk": 139, "fields": {"action_time": "2022-06-05T15:07:38.520Z", "user": 1, "content_type": 7, "object_id": "10", "object_repr": "Square", "action_flag": 1, "change_message": "[{\"added\": {}}]"}}, {"model": "admin.logentry", "pk": 140, "fields": {"action_time": "2022-06-05T15:07:50.323Z", "user": 1, "content_type": 8, "object_id": "12", "object_repr": "Final Fantasy VII", "action_flag": 1, "change_message": "[{\"added\": {}}]"}}, {"model": "admin.logentry", "pk": 141, "fields": {"action_time": "2022-06-05T15:08:22.437Z", "user": 1, "content_type": 8, "object_id": "12", "object_repr": "Final Fantasy VII", "action_flag": 2, "change_message": "[{\"changed\": {\"fields\": [\"Coverimage\"]}}]"}}, {"model": "admin.logentry", "pk": 142, "fields": {"action_time": "2022-06-05T15:08:52.657Z", "user": 1, "content_type": 7, "object_id": "11", "object_repr": "FromSoftware", "action_flag": 1, "change_message": "[{\"added\": {}}]"}}, {"model": "admin.logentry", "pk": 143, "fields": {"action_time": "2022-06-05T15:09:13.355Z", "user": 1, "content_type": 8, "object_id": "13", "object_repr": "Bloodborne", "action_flag": 1, "change_message": "[{\"added\": {}}]"}}, {"model": "admin.logentry", "pk": 144, "fields": {"action_time": "2022-06-05T15:10:31.412Z", "user": 1, "content_type": 8, "object_id": "14", "object_repr": "Uncharted: Drake's Fortune", "action_flag": 1, "change_message": "[{\"added\": {}}]"}}, {"model": "admin.logentry", "pk": 145, "fields": {"action_time": "2022-06-05T15:10:55.484Z", "user": 1, "content_type": 7, "object_id": "12", "object_repr": "Supergiant Games", "action_flag": 1, "change_message": "[{\"added\": {}}]"}}, {"model": "admin.logentry", "pk": 146, "fields": {"action_time": "2022-06-05T15:11:12.134Z", "user": 1, "content_type": 8, "object_id": "15", "object_repr": "Hades", "action_flag": 1, "change_message": "[{\"added\": {}}]"}}, {"model": "admin.logentry", "pk": 147, "fields": {"action_time": "2022-06-05T15:12:00.344Z", "user": 1, "content_type": 8, "object_id": "16", "object_repr": "Uncharted 2: Among Thieves - Limited Edition Collector's Box", "action_flag": 1, "change_message": "[{\"added\": {}}]"}}, {"model": "admin.logentry", "pk": 148, "fields": {"action_time": "2022-06-05T15:12:23.267Z", "user": 1, "content_type": 8, "object_id": "17", "object_repr": "Uncharted 3: Drake's Deception", "action_flag": 1, "change_message": "[{\"added\": {}}]"}}, {"model": "admin.logentry", "pk": 149, "fields": {"action_time": "2022-06-05T15:12:51.205Z", "user": 1, "content_type": 8, "object_id": "18", "object_repr": "Uncharted 4: A Thief's End", "action_flag": 1, "change_message": "[{\"added\": {}}]"}}, {"model": "admin.logentry", "pk": 150, "fields": {"action_time": "2022-06-05T15:13:23.030Z", "user": 1, "content_type": 7, "object_id": "13", "object_repr": "Platinum Games", "action_flag": 1, "change_message": "[{\"added\": {}}]"}}, {"model": "admin.logentry", "pk": 151, "fields": {"action_time": "2022-06-05T15:14:42.901Z", "user": 1, "content_type": 8, "object_id": "19", "object_repr": "NieR: Automata", "action_flag": 1, "change_message": "[{\"added\": {}}]"}}, {"model": "admin.logentry", "pk": 152, "fields": {"action_time": "2022-06-05T15:15:23.171Z", "user": 1, "content_type": 8, "object_id": "20", "object_repr": "The Last of Us Part II", "action_flag": 1, "change_message": "[{\"added\": {}}]"}}, {"model": "admin.logentry", "pk": 153, "fields": {"action_time": "2022-06-05T15:16:13.268Z", "user": 1, "content_type": 8, "object_id": "21", "object_repr": "The Last of Us Remastered", "action_flag": 1, "change_message": "[{\"added\": {}}]"}}, {"model": "admin.logentry", "pk": 154, "fields": {"action_time": "2022-06-05T15:16:40.871Z", "user": 1, "content_type": 7, "object_id": "14", "object_repr": "Guerrilla Games", "action_flag": 1, "change_message": "[{\"added\": {}}]"}}, {"model": "admin.logentry", "pk": 155, "fields": {"action_time": "2022-06-05T15:17:32.285Z", "user": 1, "content_type": 8, "object_id": "22", "object_repr": "Horizon Zero Dawn", "action_flag": 1, "change_message": "[{\"added\": {}}]"}}, {"model": "admin.logentry", "pk": 156, "fields": {"action_time": "2022-06-05T15:18:18.969Z", "user": 1, "content_type": 8, "object_id": "23", "object_repr": "Grand Theft Auto V", "action_flag": 1, "change_message": "[{\"added\": {}}]"}}, {"model": "admin.logentry", "pk": 157, "fields": {"action_time": "2022-06-05T15:18:57.788Z", "user": 1, "content_type": 9, "object_id": "14", "object_repr": "Activision", "action_flag": 1, "change_message": "[{\"added\": {}}]"}}, {"model": "admin.logentry", "pk": 158, "fields": {"action_time": "2022-06-05T15:19:36.457Z", "user": 1, "content_type": 8, "object_id": "24", "object_repr": "Sekiro: Shadows Die Twice", "action_flag": 1, "change_message": "[{\"added\": {}}]"}}, {"model": "admin.logentry", "pk": 159, "fields": {"action_time": "2022-06-05T15:21:56.888Z", "user": 1, "content_type": 8, "object_id": "18", "object_repr": "Uncharted 4: A Thief's End", "action_flag": 2, "change_message": "[{\"changed\": {\"fields\": [\"Coverimage\"]}}]"}}, {"model": "admin.logentry", "pk": 160, "fields": {"action_time": "2022-06-05T15:22:01.212Z", "user": 1, "content_type": 8, "object_id": "18", "object_repr": "Uncharted 4: A Thief's End", "action_flag": 2, "change_message": "[{\"changed\": {\"fields\": [\"Coverimage\"]}}]"}}, {"model": "admin.logentry", "pk": 161, "fields": {"action_time": "2022-06-05T15:22:48.528Z", "user": 1, "content_type": 8, "object_id": "13", "object_repr": "Bloodborne", "action_flag": 2, "change_message": "[{\"changed\": {\"fields\": [\"Coverimage\"]}}]"}}, {"model": "admin.logentry", "pk": 162, "fields": {"action_time": "2022-06-05T15:22:52.238Z", "user": 1, "content_type": 8, "object_id": "13", "object_repr": "Bloodborne", "action_flag": 2, "change_message": "[{\"changed\": {\"fields\": [\"Coverimage\"]}}]"}}, {"model": "admin.logentry", "pk": 163, "fields": {"action_time": "2022-06-05T15:24:52.816Z", "user": 1, "content_type": 8, "object_id": "25", "object_repr": "Grand Theft Auto: Vice City", "action_flag": 1, "change_message": "[{\"added\": {}}]"}}, {"model": "admin.logentry", "pk": 164, "fields": {"action_time": "2022-06-05T15:25:37.512Z", "user": 1, "content_type": 9, "object_id": "15", "object_repr": "2K Games", "action_flag": 1, "change_message": "[{\"added\": {}}]"}}, {"model": "admin.logentry", "pk": 165, "fields": {"action_time": "2022-06-05T15:25:49.308Z", "user": 1, "content_type": 7, "object_id": "15", "object_repr": "Irrational Games", "action_flag": 1, "change_message": "[{\"added\": {}}]"}}, {"model": "admin.logentry", "pk": 166, "fields": {"action_time": "2022-06-05T15:26:19.604Z", "user": 1, "content_type": 8, "object_id": "26", "object_repr": "Bioshock Infinite", "action_flag": 1, "change_message": "[{\"added\": {}}]"}}, {"model": "admin.logentry", "pk": 167, "fields": {"action_time": "2022-06-05T15:26:51.518Z", "user": 1, "content_type": 7, "object_id": "16", "object_repr": "Airtight Games", "action_flag": 1, "change_message": "[{\"added\": {}}]"}}, {"model": "admin.logentry", "pk": 168, "fields": {"action_time": "2022-06-05T15:27:33.622Z", "user": 1, "content_type": 8, "object_id": "27", "object_repr": "Murdered: Soul Suspect", "action_flag": 1, "change_message": "[{\"added\": {}}]"}}, {"model": "admin.logentry", "pk": 169, "fields": {"action_time": "2022-06-05T15:29:19.135Z", "user": 1, "content_type": 8, "object_id": "28", "object_repr": "Deus Ex: Mankind Divided", "action_flag": 1, "change_message": "[{\"added\": {}}]"}}, {"model": "admin.logentry", "pk": 170, "fields": {"action_time": "2022-06-05T15:29:51.290Z", "user": 1, "content_type": 7, "object_id": "17", "object_repr": "Remedy Entertainment", "action_flag": 1, "change_message": "[{\"added\": {}}]"}}, {"model": "admin.logentry", "pk": 171, "fields": {"action_time": "2022-06-05T15:30:22.491Z", "user": 1, "content_type": 8, "object_id": "29", "object_repr": "Max Payne", "action_flag": 1, "change_message": "[{\"added\": {}}]"}}, {"model": "admin.logentry", "pk": 172, "fields": {"action_time": "2022-06-05T15:31:22.588Z", "user": 1, "content_type": 9, "object_id": "16", "object_repr": "Take-Two Interactive", "action_flag": 1, "change_message": "[{\"added\": {}}]"}}, {"model": "admin.logentry", "pk": 173, "fields": {"action_time": "2022-06-05T15:32:11.143Z", "user": 1, "content_type": 8, "object_id": "30", "object_repr": "Max Payne 3", "action_flag": 1, "change_message": "[{\"added\": {}}]"}}, {"model": "admin.logentry", "pk": 174, "fields": {"action_time": "2022-06-05T15:32:51.992Z", "user": 1, "content_type": 9, "object_id": "17", "object_repr": "Bandai Namco Entertainment", "action_flag": 1, "change_message": "[{\"added\": {}}]"}}, {"model": "admin.logentry", "pk": 175, "fields": {"action_time": "2022-06-05T15:33:33.001Z", "user": 1, "content_type": 8, "object_id": "31", "object_repr": "Dark Souls III", "action_flag": 1, "change_message": "[{\"added\": {}}]"}}, {"model": "admin.logentry", "pk": 176, "fields": {"action_time": "2022-06-05T15:41:35.075Z", "user": 1, "content_type": 7, "object_id": "18", "object_repr": "Illusion Softworks", "action_flag": 1, "change_message": "[{\"added\": {}}]"}}, {"model": "admin.logentry", "pk": 177, "fields": {"action_time": "2022-06-05T15:42:18.216Z", "user": 1, "content_type": 8, "object_id": "32", "object_repr": "Mafia", "action_flag": 1, "change_message": "[{\"added\": {}}]"}}, {"model": "admin.logentry", "pk": 178, "fields": {"action_time": "2022-06-05T15:43:04.702Z", "user": 1, "content_type": 8, "object_id": "32", "object_repr": "Mafia", "action_flag": 2, "change_message": "[{\"changed\": {\"fields\": [\"Coverimage\"]}}]"}}, {"model": "admin.logentry", "pk": 179, "fields": {"action_time": "2022-06-05T15:43:14.106Z", "user": 1, "content_type": 8, "object_id": "32", "object_repr": "Mafia", "action_flag": 2, "change_message": "[{\"changed\": {\"fields\": [\"Coverimage\"]}}]"}}, {"model": "admin.logentry", "pk": 180, "fields": {"action_time": "2022-06-05T15:44:13.450Z", "user": 1, "content_type": 8, "object_id": "30", "object_repr": "Max Payne 3", "action_flag": 2, "change_message": "[{\"changed\": {\"fields\": [\"Coverimage\"]}}]"}}, {"model": "admin.logentry", "pk": 181, "fields": {"action_time": "2022-06-05T15:44:20.084Z", "user": 1, "content_type": 8, "object_id": "30", "object_repr": "Max Payne 3", "action_flag": 2, "change_message": "[{\"changed\": {\"fields\": [\"Coverimage\"]}}]"}}, {"model": "admin.logentry", "pk": 182, "fields": {"action_time": "2022-06-05T15:44:29.889Z", "user": 1, "content_type": 8, "object_id": "29", "object_repr": "Max Payne", "action_flag": 2, "change_message": "[{\"changed\": {\"fields\": [\"Coverimage\"]}}]"}}, {"model": "admin.logentry", "pk": 183, "fields": {"action_time": "2022-06-05T15:44:34.883Z", "user": 1, "content_type": 8, "object_id": "29", "object_repr": "Max Payne", "action_flag": 2, "change_message": "[{\"changed\": {\"fields\": [\"Coverimage\"]}}]"}}, {"model": "admin.logentry", "pk": 184, "fields": {"action_time": "2022-06-05T15:46:23.750Z", "user": 1, "content_type": 8, "object_id": "12", "object_repr": "Final Fantasy VII", "action_flag": 2, "change_message": "[{\"changed\": {\"fields\": [\"Coverimage\"]}}]"}}, {"model": "admin.logentry", "pk": 185, "fields": {"action_time": "2022-06-05T15:46:27.269Z", "user": 1, "content_type": 8, "object_id": "12", "object_repr": "Final Fantasy VII", "action_flag": 2, "change_message": "[{\"changed\": {\"fields\": [\"Coverimage\"]}}]"}}, {"model": "admin.logentry", "pk": 186, "fields": {"action_time": "2022-06-05T15:46:36.976Z", "user": 1, "content_type": 8, "object_id": "23", "object_repr": "Grand Theft Auto V", "action_flag": 2, "change_message": "[{\"changed\": {\"fields\": [\"Coverimage\"]}}]"}}, {"model": "admin.logentry", "pk": 187, "fields": {"action_time": "2022-06-05T15:46:42.981Z", "user": 1, "content_type": 8, "object_id": "23", "object_repr": "Grand Theft Auto V", "action_flag": 2, "change_message": "[{\"changed\": {\"fields\": [\"Coverimage\"]}}]"}}, {"model": "admin.logentry", "pk": 188, "fields": {"action_time": "2022-06-05T15:46:46.526Z", "user": 1, "content_type": 8, "object_id": "25", "object_repr": "Grand Theft Auto: Vice City", "action_flag": 2, "change_message": "[{\"changed\": {\"fields\": [\"Coverimage\"]}}]"}}, {"model": "admin.logentry", "pk": 189, "fields": {"action_time": "2022-06-05T15:46:51.520Z", "user": 1, "content_type": 8, "object_id": "25", "object_repr": "Grand Theft Auto: Vice City", "action_flag": 2, "change_message": "[{\"changed\": {\"fields\": [\"Coverimage\"]}}]"}}, {"model": "admin.logentry", "pk": 190, "fields": {"action_time": "2022-06-05T15:47:35.004Z", "user": 1, "content_type": 8, "object_id": "13", "object_repr": "Bloodborne", "action_flag": 2, "change_message": "[{\"changed\": {\"fields\": [\"Coverimage\"]}}]"}}, {"model": "admin.logentry", "pk": 191, "fields": {"action_time": "2022-06-05T15:47:38.761Z", "user": 1, "content_type": 8, "object_id": "13", "object_repr": "Bloodborne", "action_flag": 2, "change_message": "[{\"changed\": {\"fields\": [\"Coverimage\"]}}]"}}, {"model": "admin.logentry", "pk": 192, "fields": {"action_time": "2022-06-05T15:48:07.625Z", "user": 1, "content_type": 8, "object_id": "32", "object_repr": "Mafia", "action_flag": 2, "change_message": "[{\"changed\": {\"fields\": [\"Coverimage\"]}}]"}}, {"model": "admin.logentry", "pk": 193, "fields": {"action_time": "2022-06-05T15:48:12.381Z", "user": 1, "content_type": 8, "object_id": "32", "object_repr": "Mafia", "action_flag": 2, "change_message": "[{\"changed\": {\"fields\": [\"Coverimage\"]}}]"}}, {"model": "admin.logentry", "pk": 194, "fields": {"action_time": "2022-06-05T15:48:42.488Z", "user": 1, "content_type": 8, "object_id": "17", "object_repr": "Uncharted 3: Drake's Deception", "action_flag": 2, "change_message": "[{\"changed\": {\"fields\": [\"Coverimage\"]}}]"}}, {"model": "admin.logentry", "pk": 195, "fields": {"action_time": "2022-06-05T15:49:04.381Z", "user": 1, "content_type": 8, "object_id": "18", "object_repr": "Uncharted 4: A Thief's End", "action_flag": 3, "change_message": ""}}, {"model": "admin.logentry", "pk": 196, "fields": {"action_time": "2022-06-05T15:49:55.454Z", "user": 1, "content_type": 8, "object_id": "33", "object_repr": "Uncharted 4: A Thief's End", "action_flag": 1, "change_message": "[{\"added\": {}}]"}}, {"model": "admin.logentry", "pk": 197, "fields": {"action_time": "2022-06-05T15:50:19.240Z", "user": 1, "content_type": 8, "object_id": "17", "object_repr": "Uncharted 3: Drake's Deception", "action_flag": 2, "change_message": "[{\"changed\": {\"fields\": [\"Coverimage\"]}}]"}}, {"model": "admin.logentry", "pk": 198, "fields": {"action_time": "2022-06-05T15:51:28.593Z", "user": 1, "content_type": 9, "object_id": "18", "object_repr": "Ubisoft", "action_flag": 1, "change_message": "[{\"added\": {}}]"}}, {"model": "admin.logentry", "pk": 199, "fields": {"action_time": "2022-06-05T15:51:37.924Z", "user": 1, "content_type": 7, "object_id": "19", "object_repr": "Ubisoft Montreal", "action_flag": 1, "change_message": "[{\"added\": {}}]"}}, {"model": "admin.logentry", "pk": 200, "fields": {"action_time": "2022-06-05T15:52:40.783Z", "user": 1, "content_type": 8, "object_id": "34", "object_repr": "Assassin's Creed II", "action_flag": 1, "change_message": "[{\"added\": {}}]"}}, {"model": "admin.logentry", "pk": 201, "fields": {"action_time": "2022-06-05T15:53:12.244Z", "user": 1, "content_type": 8, "object_id": "34", "object_repr": "Assassin's Creed II", "action_flag": 3, "change_message": ""}}, {"model": "admin.logentry", "pk": 202, "fields": {"action_time": "2022-06-05T15:54:37.327Z", "user": 1, "content_type": 8, "object_id": "35", "object_repr": "Assassin's Creed: Syndicate", "action_flag": 1, "change_message": "[{\"added\": {}}]"}}, {"model": "admin.logentry", "pk": 203, "fields": {"action_time": "2022-06-05T15:55:51.346Z", "user": 1, "content_type": 8, "object_id": "35", "object_repr": "Assassin's Creed Syndicate", "action_flag": 2, "change_message": "[{\"changed\": {\"fields\": [\"Title\"]}}]"}}, {"model": "admin.logentry", "pk": 204, "fields": {"action_time": "2022-06-05T15:55:58.684Z", "user": 1, "content_type": 8, "object_id": "35", "object_repr": "Assassin's Creed: Syndicate", "action_flag": 2, "change_message": "[{\"changed\": {\"fields\": [\"Title\"]}}]"}}, {"model": "admin.logentry", "pk": 205, "fields": {"action_time": "2022-06-05T15:59:43.913Z", "user": 1, "content_type": 9, "object_id": "19", "object_repr": "Electronic Arts", "action_flag": 1, "change_message": "[{\"added\": {}}]"}}, {"model": "admin.logentry", "pk": 206, "fields": {"action_time": "2022-06-05T15:59:58.105Z", "user": 1, "content_type": 7, "object_id": "20", "object_repr": "Crytek", "action_flag": 1, "change_message": "[{\"added\": {}}]"}}, {"model": "admin.logentry", "pk": 207, "fields": {"action_time": "2022-06-05T16:00:12.782Z", "user": 1, "content_type": 7, "object_id": "20", "object_repr": "Crytek", "action_flag": 2, "change_message": "[{\"changed\": {\"fields\": [\"Address\"]}}]"}}, {"model": "admin.logentry", "pk": 208, "fields": {"action_time": "2022-06-05T16:00:46.001Z", "user": 1, "content_type": 8, "object_id": "36", "object_repr": "Crysis 3", "action_flag": 1, "change_message": "[{\"added\": {}}]"}}, {"model": "admin.logentry", "pk": 209, "fields": {"action_time": "2022-06-05T16:01:31.360Z", "user": 1, "content_type": 9, "object_id": "20", "object_repr": "CI Games", "action_flag": 1, "change_message": "[{\"added\": {}}]"}}, {"model": "admin.logentry", "pk": 210, "fields": {"action_time": "2022-06-05T16:01:39.340Z", "user": 1, "content_type": 7, "object_id": "21", "object_repr": "CI Games", "action_flag": 1, "change_message": "[{\"added\": {}}]"}}, {"model": "admin.logentry", "pk": 211, "fields": {"action_time": "2022-06-05T16:02:33.603Z", "user": 1, "content_type": 8, "object_id": "37", "object_repr": "Sniper: Ghost Warrior 3", "action_flag": 1, "change_message": "[{\"added\": {}}]"}}, {"model": "admin.logentry", "pk": 212, "fields": {"action_time": "2022-06-05T16:03:42.342Z", "user": 1, "content_type": 9, "object_id": "21", "object_repr": "BioWare", "action_flag": 1, "change_message": "[{\"added\": {}}]"}}, {"model": "admin.logentry", "pk": 213, "fields": {"action_time": "2022-06-05T16:03:50.256Z", "user": 1, "content_type": 7, "object_id": "22", "object_repr": "BioWare Montreal", "action_flag": 1, "change_message": "[{\"added\": {}}]"}}, {"model": "admin.logentry", "pk": 214, "fields": {"action_time": "2022-06-05T16:04:36.249Z", "user": 1, "content_type": 8, "object_id": "38", "object_repr": "Mass Effect: Andromeda", "action_flag": 1, "change_message": "[{\"added\": {}}]"}}, {"model": "admin.logentry", "pk": 215, "fields": {"action_time": "2022-06-05T16:04:55.635Z", "user": 1, "content_type": 8, "object_id": "35", "object_repr": "Assassin's Creed: Syndicate", "action_flag": 3, "change_message": ""}}, {"model": "admin.logentry", "pk": 216, "fields": {"action_time": "2022-06-05T16:06:02.408Z", "user": 1, "content_type": 7, "object_id": "23", "object_repr": "Kojima Productions", "action_flag": 1, "change_message": "[{\"added\": {}}]"}}, {"model": "admin.logentry", "pk": 217, "fields": {"action_time": "2022-06-05T16:06:46.561Z", "user": 1, "content_type": 8, "object_id": "39", "object_repr": "Death Stranding", "action_flag": 1, "change_message": "[{\"added\": {}}]"}}, {"model": "admin.logentry", "pk": 218, "fields": {"action_time": "2022-06-05T16:08:14.783Z", "user": 1, "content_type": 7, "object_id": "24", "object_repr": "Massive Entertainment", "action_flag": 1, "change_message": "[{\"added\": {}}]"}}, {"model": "admin.logentry", "pk": 219, "fields": {"action_time": "2022-06-05T16:08:52.549Z", "user": 1, "content_type": 8, "object_id": "40", "object_repr": "Tom Clancy's The Division 2", "action_flag": 1, "change_message": "[{\"added\": {}}]"}}, {"model": "admin.logentry", "pk": 220, "fields": {"action_time": "2022-06-05T16:09:14.887Z", "user": 1, "content_type": 9, "object_id": "22", "object_repr": "Larian Studios", "action_flag": 1, "change_message": "[{\"added\": {}}]"}}, {"model": "admin.logentry", "pk": 221, "fields": {"action_time": "2022-06-05T16:09:22.617Z", "user": 1, "content_type": 7, "object_id": "25", "object_repr": "Larian Studios", "action_flag": 1, "change_message": "[{\"added\": {}}]"}}, {"model": "admin.logentry", "pk": 222, "fields": {"action_time": "2022-06-05T16:09:56.926Z", "user": 1, "content_type": 8, "object_id": "41", "object_repr": "Divinity: Original Sin II", "action_flag": 1, "change_message": "[{\"added\": {}}]"}}, {"model": "admin.logentry", "pk": 223, "fields": {"action_time": "2022-06-05T16:10:18.726Z", "user": 1, "content_type": 8, "object_id": "40", "object_repr": "Tom Clancys The Division 2", "action_flag": 2, "change_message": "[{\"changed\": {\"fields\": [\"Title\"]}}]"}}, {"model": "admin.logentry", "pk": 224, "fields": {"action_time": "2022-06-05T16:10:49.996Z", "user": 1, "content_type": 8, "object_id": "17", "object_repr": "Uncharted 3: Drakes Deception", "action_flag": 2, "change_message": "[{\"changed\": {\"fields\": [\"Title\"]}}]"}}, {"model": "admin.logentry", "pk": 225, "fields": {"action_time": "2022-06-05T16:11:02.051Z", "user": 1, "content_type": 8, "object_id": "16", "object_repr": "Uncharted 2: Among Thieves - Limited Edition", "action_flag": 2, "change_message": "[{\"changed\": {\"fields\": [\"Title\"]}}]"}}, {"model": "admin.logentry", "pk": 226, "fields": {"action_time": "2022-06-05T16:11:06.615Z", "user": 1, "content_type": 8, "object_id": "33", "object_repr": "Uncharted 4: A Thiefs End", "action_flag": 2, "change_message": "[{\"changed\": {\"fields\": [\"Title\"]}}]"}}, {"model": "admin.logentry", "pk": 227, "fields": {"action_time": "2022-06-05T16:11:40.443Z", "user": 1, "content_type": 8, "object_id": "14", "object_repr": "Uncharted: Drakes Fortune", "action_flag": 2, "change_message": "[{\"changed\": {\"fields\": [\"Title\"]}}]"}}, {"model": "admin.logentry", "pk": 228, "fields": {"action_time": "2022-06-05T16:12:09.379Z", "user": 1, "content_type": 8, "object_id": "16", "object_repr": "Uncharted 2: Among Thieves - Limited Edition", "action_flag": 2, "change_message": "[{\"changed\": {\"fields\": [\"Coverimage\"]}}]"}}, {"model": "admin.logentry", "pk": 229, "fields": {"action_time": "2022-06-05T16:12:15.053Z", "user": 1, "content_type": 8, "object_id": "16", "object_repr": "Uncharted 2: Among Thieves - Limited Edition", "action_flag": 2, "change_message": "[{\"changed\": {\"fields\": [\"Coverimage\"]}}]"}}, {"model": "admin.logentry", "pk": 230, "fields": {"action_time": "2022-06-05T16:12:22.488Z", "user": 1, "content_type": 8, "object_id": "14", "object_repr": "Uncharted: Drakes Fortune", "action_flag": 2, "change_message": "[{\"changed\": {\"fields\": [\"Coverimage\"]}}]"}}, {"model": "admin.logentry", "pk": 231, "fields": {"action_time": "2022-06-05T16:12:40.148Z", "user": 1, "content_type": 8, "object_id": "14", "object_repr": "Uncharted: Drakes Fortune", "action_flag": 2, "change_message": "[{\"changed\": {\"fields\": [\"Coverimage\"]}}]"}}, {"model": "admin.logentry", "pk": 232, "fields": {"action_time": "2022-06-05T16:13:15.547Z", "user": 1, "content_type": 7, "object_id": "26", "object_repr": "Respawn Entertainment", "action_flag": 1, "change_message": "[{\"added\": {}}]"}}, {"model": "admin.logentry", "pk": 233, "fields": {"action_time": "2022-06-05T16:14:02.293Z", "user": 1, "content_type": 8, "object_id": "42", "object_repr": "Apex Legends", "action_flag": 1, "change_message": "[{\"added\": {}}]"}}, {"model": "admin.logentry", "pk": 234, "fields": {"action_time": "2022-06-05T16:15:07.034Z", "user": 1, "content_type": 8, "object_id": "43", "object_repr": "Far Cry 5", "action_flag": 1, "change_message": "[{\"added\": {}}]"}}, {"model": "admin.logentry", "pk": 235, "fields": {"action_time": "2022-06-05T16:15:44.780Z", "user": 1, "content_type": 8, "object_id": "43", "object_repr": "Far Cry 5", "action_flag": 2, "change_message": "[{\"changed\": {\"fields\": [\"Coverimage\"]}}]"}}, {"model": "admin.logentry", "pk": 236, "fields": {"action_time": "2022-06-05T16:15:50.861Z", "user": 1, "content_type": 8, "object_id": "43", "object_repr": "Far Cry 5", "action_flag": 2, "change_message": "[{\"changed\": {\"fields\": [\"Coverimage\"]}}]"}}, {"model": "admin.logentry", "pk": 237, "fields": {"action_time": "2022-06-05T16:16:40.553Z", "user": 1, "content_type": 8, "object_id": "44", "object_repr": "Tom Clancy's Rainbow Six Siege", "action_flag": 1, "change_message": "[{\"added\": {}}]"}}, {"model": "admin.logentry", "pk": 238, "fields": {"action_time": "2022-06-05T16:17:11.803Z", "user": 1, "content_type": 8, "object_id": "44", "object_repr": "Tom Clancys Rainbow Six Siege", "action_flag": 2, "change_message": "[{\"changed\": {\"fields\": [\"Title\", \"Coverimage\"]}}]"}}, {"model": "admin.logentry", "pk": 239, "fields": {"action_time": "2022-06-05T16:17:57.189Z", "user": 1, "content_type": 9, "object_id": "23", "object_repr": "Warner Bros. Interactive Entertainment", "action_flag": 1, "change_message": "[{\"added\": {}}]"}}, {"model": "admin.logentry", "pk": 240, "fields": {"action_time": "2022-06-05T16:18:07.195Z", "user": 1, "content_type": 7, "object_id": "27", "object_repr": "NetherRealm Studios", "action_flag": 1, "change_message": "[{\"added\": {}}]"}}, {"model": "admin.logentry", "pk": 241, "fields": {"action_time": "2022-06-05T16:18:48.611Z", "user": 1, "content_type": 8, "object_id": "45", "object_repr": "Mortal Kombat 11", "action_flag": 1, "change_message": "[{\"added\": {}}]"}}, {"model": "admin.logentry", "pk": 242, "fields": {"action_time": "2022-06-05T16:19:14.123Z", "user": 1, "content_type": 7, "object_id": "28", "object_repr": "SIE Bend Studio", "action_flag": 1, "change_message": "[{\"added\": {}}]"}}, {"model": "admin.logentry", "pk": 243, "fields": {"action_time": "2022-06-05T16:19:46.153Z", "user": 1, "content_type": 8, "object_id": "46", "object_repr": "Days Gone", "action_flag": 1, "change_message": "[{\"added\": {}}]"}}, {"model": "admin.logentry", "pk": 244, "fields": {"action_time": "2022-06-05T16:20:23.295Z", "user": 1, "content_type": 9, "object_id": "24", "object_repr": "THQ Nordic", "action_flag": 1, "change_message": "[{\"added\": {}}]"}}, {"model": "admin.logentry", "pk": 245, "fields": {"action_time": "2022-06-05T16:20:35.925Z", "user": 1, "content_type": 7, "object_id": "29", "object_repr": "Experiment 101", "action_flag": 1, "change_message": "[{\"added\": {}}]"}}, {"model": "admin.logentry", "pk": 246, "fields": {"action_time": "2022-06-05T16:21:36.362Z", "user": 1, "content_type": 8, "object_id": "47", "object_repr": "Biomutant", "action_flag": 1, "change_message": "[{\"added\": {}}]"}}, {"model": "admin.logentry", "pk": 247, "fields": {"action_time": "2022-06-05T16:22:11.709Z", "user": 1, "content_type": 7, "object_id": "30", "object_repr": "Gearbox Software", "action_flag": 1, "change_message": "[{\"added\": {}}]"}}, {"model": "admin.logentry", "pk": 248, "fields": {"action_time": "2022-06-05T16:22:57.359Z", "user": 1, "content_type": 8, "object_id": "48", "object_repr": "Borderlands 3", "action_flag": 1, "change_message": "[{\"added\": {}}]"}}, {"model": "admin.logentry", "pk": 249, "fields": {"action_time": "2022-06-05T16:23:32.437Z", "user": 1, "content_type": 8, "object_id": "49", "object_repr": "Watch Dogs: Legion", "action_flag": 1, "change_message": "[{\"added\": {}}]"}}, {"model": "admin.logentry", "pk": 250, "fields": {"action_time": "2022-06-05T16:24:16.133Z", "user": 1, "content_type": 8, "object_id": "50", "object_repr": "Tom Clancys Ghost Recon: Breakpoint", "action_flag": 1, "change_message": "[{\"added\": {}}]"}}, {"model": "admin.logentry", "pk": 251, "fields": {"action_time": "2022-06-05T16:24:50.136Z", "user": 1, "content_type": 9, "object_id": "25", "object_repr": "505 Games", "action_flag": 1, "change_message": "[{\"added\": {}}]"}}, {"model": "admin.logentry", "pk": 252, "fields": {"action_time": "2022-06-05T16:25:21.470Z", "user": 1, "content_type": 8, "object_id": "51", "object_repr": "Control", "action_flag": 1, "change_message": "[{\"added\": {}}]"}}, {"model": "admin.logentry", "pk": 253, "fields": {"action_time": "2022-06-05T16:25:37.544Z", "user": 1, "content_type": 9, "object_id": "26", "object_repr": "Private Division", "action_flag": 1, "change_message": "[{\"added\": {}}]"}}, {"model": "admin.logentry", "pk": 254, "fields": {"action_time": "2022-06-05T16:25:50.417Z", "user": 1, "content_type": 7, "object_id": "31", "object_repr": "Obsidian Entertainment", "action_flag": 1, "change_message": "[{\"added\": {}}]"}}, {"model": "admin.logentry", "pk": 255, "fields": {"action_time": "2022-06-05T16:26:34.703Z", "user": 1, "content_type": 8, "object_id": "52", "object_repr": "The Outer Worlds", "action_flag": 1, "change_message": "[{\"added\": {}}]"}}, {"model": "admin.logentry", "pk": 256, "fields": {"action_time": "2022-06-05T16:27:01.308Z", "user": 1, "content_type": 7, "object_id": "32", "object_repr": "Quantic Dream", "action_flag": 1, "change_message": "[{\"added\": {}}]"}}, {"model": "admin.logentry", "pk": 257, "fields": {"action_time": "2022-06-05T16:27:07.054Z", "user": 1, "content_type": 7, "object_id": "32", "object_repr": "Quantic Dream", "action_flag": 2, "change_message": "[{\"changed\": {\"fields\": [\"Address\"]}}]"}}, {"model": "admin.logentry", "pk": 258, "fields": {"action_time": "2022-06-05T16:28:08.108Z", "user": 1, "content_type": 8, "object_id": "53", "object_repr": "Detroit: Become Human", "action_flag": 1, "change_message": "[{\"added\": {}}]"}}, {"model": "admin.logentry", "pk": 259, "fields": {"action_time": "2022-06-05T16:28:38.269Z", "user": 1, "content_type": 8, "object_id": "54", "object_repr": "Heavy Rain", "action_flag": 1, "change_message": "[{\"added\": {}}]"}}, {"model": "admin.logentry", "pk": 260, "fields": {"action_time": "2022-06-05T16:29:06.124Z", "user": 1, "content_type": 8, "object_id": "55", "object_repr": "Beyond: Two Souls", "action_flag": 1, "change_message": "[{\"added\": {}}]"}}, {"model": "admin.logentry", "pk": 261, "fields": {"action_time": "2022-06-05T16:29:30.972Z", "user": 1, "content_type": 8, "object_id": "55", "object_repr": "Beyond: Two Souls", "action_flag": 2, "change_message": "[{\"changed\": {\"fields\": [\"Coverimage\"]}}]"}}, {"model": "admin.logentry", "pk": 262, "fields": {"action_time": "2022-06-05T16:29:35.127Z", "user": 1, "content_type": 8, "object_id": "55", "object_repr": "Beyond: Two Souls", "action_flag": 2, "change_message": "[{\"changed\": {\"fields\": [\"Coverimage\"]}}]"}}, {"model": "admin.logentry", "pk": 263, "fields": {"action_time": "2022-06-05T16:29:54.783Z", "user": 1, "content_type": 9, "object_id": "27", "object_repr": "Deep Silver", "action_flag": 1, "change_message": "[{\"added\": {}}]"}}, {"model": "admin.logentry", "pk": 264, "fields": {"action_time": "2022-06-05T16:30:04.296Z", "user": 1, "content_type": 7, "object_id": "33", "object_repr": "4A Games", "action_flag": 1, "change_message": "[{\"added\": {}}]"}}, {"model": "admin.logentry", "pk": 265, "fields": {"action_time": "2022-06-05T16:30:33.182Z", "user": 1, "content_type": 8, "object_id": "56", "object_repr": "Metro Exodus", "action_flag": 1, "change_message": "[{\"added\": {}}]"}}, {"model": "admin.logentry", "pk": 266, "fields": {"action_time": "2022-06-05T16:44:35.245Z", "user": 1, "content_type": 13, "object_id": "404", "object_repr": "kenan, God of War", "action_flag": 1, "change_message": "[{\"added\": {}}]"}}, {"model": "admin.logentry", "pk": 267, "fields": {"action_time": "2022-06-05T16:44:43.501Z", "user": 1, "content_type": 13, "object_id": "405", "object_repr": "kenan, Crysis 3", "action_flag": 1, "change_message": "[{\"added\": {}}]"}}, {"model": "admin.logentry", "pk": 268, "fields": {"action_time": "2022-06-06T08:53:02.667Z", "user": 1, "content_type": 9, "object_id": "28", "object_repr": "Nadeo", "action_flag": 1, "change_message": "[{\"added\": {}}]"}}, {"model": "admin.logentry", "pk": 269, "fields": {"action_time": "2022-06-06T08:53:25.603Z", "user": 1, "content_type": 7, "object_id": "34", "object_repr": "Nadeo Studio", "action_flag": 1, "change_message": "[{\"added\": {}}]"}}, {"model": "admin.logentry", "pk": 270, "fields": {"action_time": "2022-06-06T08:53:32.351Z", "user": 1, "content_type": 8, "object_id": "57", "object_repr": "TrackMania 2: Stadium", "action_flag": 1, "change_message": "[{\"added\": {}}]"}}, {"model": "admin.logentry", "pk": 271, "fields": {"action_time": "2022-06-06T08:55:05.658Z", "user": 1, "content_type": 9, "object_id": "29", "object_repr": "EA", "action_flag": 1, "change_message": "[{\"added\": {}}]"}}, {"model": "admin.logentry", "pk": 272, "fields": {"action_time": "2022-06-06T08:55:22.288Z", "user": 1, "content_type": 7, "object_id": "35", "object_repr": "EA BLACKBOX", "action_flag": 1, "change_message": "[{\"added\": {}}]"}}, {"model": "admin.logentry", "pk": 273, "fields": {"action_time": "2022-06-06T08:55:25.012Z", "user": 1, "content_type": 8, "object_id": "58", "object_repr": "Need for Speed: Underground 2", "action_flag": 1, "change_message": "[{\"added\": {}}]"}}, {"model": "admin.logentry", "pk": 274, "fields": {"action_time": "2022-06-06T08:56:09.386Z", "user": 1, "content_type": 8, "object_id": "58", "object_repr": "Need for Speed: Underground 2", "action_flag": 2, "change_message": "[{\"changed\": {\"fields\": [\"Coverimage\"]}}]"}}, {"model": "admin.logentry", "pk": 275, "fields": {"action_time": "2022-06-06T20:50:42.610Z", "user": 1, "content_type": 8, "object_id": "16", "object_repr": "Uncharted 2: Among Thieves", "action_flag": 2, "change_message": "[{\"changed\": {\"fields\": [\"Title\"]}}]"}}, {"model": "admin.logentry", "pk": 276, "fields": {"action_time": "2022-06-06T20:57:16.486Z", "user": 1, "content_type": 4, "object_id": "2", "object_repr": "deneme2", "action_flag": 3, "change_message": ""}}, {"model": "admin.logentry", "pk": 277, "fields": {"action_time": "2022-06-06T20:57:20.462Z", "user": 1, "content_type": 4, "object_id": "3", "object_repr": "deneme3", "action_flag": 3, "change_message": ""}}, {"model": "admin.logentry", "pk": 278, "fields": {"action_time": "2022-06-06T20:57:24.025Z", "user": 1, "content_type": 4, "object_id": "4", "object_repr": "deneme5", "action_flag": 3, "change_message": ""}}, {"model": "admin.logentry", "pk": 279, "fields": {"action_time": "2022-06-06T20:57:28.576Z", "user": 1, "content_type": 4, "object_id": "5", "object_repr": "deneme6", "action_flag": 3, "change_message": ""}}, {"model": "admin.logentry", "pk": 280, "fields": {"action_time": "2022-06-06T20:57:36.226Z", "user": 1, "content_type": 4, "object_id": "7", "object_repr": "sa", "action_flag": 2, "change_message": "[{\"changed\": {\"fields\": [\"Staff status\", \"Superuser status\"]}}]"}}, {"model": "admin.logentry", "pk": 281, "fields": {"action_time": "2023-01-09T10:06:27.093Z", "user": 7, "content_type": 4, "object_id": "9", "object_repr": "burakyildiz", "action_flag": 3, "change_message": ""}}, {"model": "admin.logentry", "pk": 282, "fields": {"action_time": "2023-01-09T10:06:53.960Z", "user": 7, "content_type": 4, "object_id": "7", "object_repr": "sa", "action_flag": 2, "change_message": "[{\"changed\": {\"fields\": [\"User permissions\"]}}]"}}, {"model": "admin.logentry", "pk": 283, "fields": {"action_time": "2023-01-09T10:08:43.143Z", "user": 7, "content_type": 4, "object_id": "6", "object_repr": "tayyipozan", "action_flag": 3, "change_message": ""}}, {"model": "admin.logentry", "pk": 284, "fields": {"action_time": "2023-01-09T10:09:07.837Z", "user": 7, "content_type": 4, "object_id": "8", "object_repr": "kenan", "action_flag": 2, "change_message": "[{\"changed\": {\"fields\": [\"Staff status\", \"Superuser status\"]}}]"}}, {"model": "admin.logentry", "pk": 285, "fields": {"action_time": "2023-01-09T20:36:31.166Z", "user": 7, "content_type": 8, "object_id": "58", "object_repr": "Need for Speed: Underground 2", "action_flag": 2, "change_message": "[{\"changed\": {\"fields\": [\"Rating\"]}}]"}}, {"model": "admin.logentry", "pk": 286, "fields": {"action_time": "2023-01-12T16:39:27.901Z", "user": 8, "content_type": 22, "object_id": "1", "object_repr": "Genre object (1)", "action_flag": 1, "change_message": "[{\"added\": {}}]"}}, {"model": "admin.logentry", "pk": 287, "fields": {"action_time": "2023-01-12T16:39:35.498Z", "user": 8, "content_type": 22, "object_id": "2", "object_repr": "Genre object (2)", "action_flag": 1, "change_message": "[{\"added\": {}}]"}}, {"model": "admin.logentry", "pk": 288, "fields": {"action_time": "2023-01-12T16:39:51.744Z", "user": 8, "content_type": 22, "object_id": "3", "object_repr": "Genre object (3)", "action_flag": 1, "change_message": "[{\"added\": {}}]"}}, {"model": "admin.logentry", "pk": 289, "fields": {"action_time": "2023-01-12T16:42:14.241Z", "user": 8, "content_type": 22, "object_id": "4", "object_repr": "Genre object (4)", "action_flag": 1, "change_message": "[{\"added\": {}}]"}}, {"model": "admin.logentry", "pk": 290, "fields": {"action_time": "2023-01-12T16:49:55.093Z", "user": 8, "content_type": 8, "object_id": "51", "object_repr": "Control", "action_flag": 2, "change_message": "[{\"changed\": {\"fields\": [\"Genres\"]}}]"}}, {"model": "admin.logentry", "pk": 291, "fields": {"action_time": "2023-01-12T17:31:11.349Z", "user": 8, "content_type": 22, "object_id": "5", "object_repr": "Air Combat", "action_flag": 1, "change_message": "[{\"added\": {}}]"}}, {"model": "admin.logentry", "pk": 292, "fields": {"action_time": "2023-01-12T17:31:16.377Z", "user": 8, "content_type": 22, "object_id": "6", "object_repr": "Arena Brawler", "action_flag": 1, "change_message": "[{\"added\": {}}]"}}, {"model": "admin.logentry", "pk": 293, "fields": {"action_time": "2023-01-12T17:31:24.273Z", "user": 8, "content_type": 22, "object_id": "7", "object_repr": "Arena Combat", "action_flag": 1, "change_message": "[{\"added\": {}}]"}}, {"model": "admin.logentry", "pk": 294, "fields": {"action_time": "2023-01-12T17:31:28.802Z", "user": 8, "content_type": 22, "object_id": "8", "object_repr": "Arena Shooter", "action_flag": 1, "change_message": "[{\"added\": {}}]"}}, {"model": "admin.logentry", "pk": 295, "fields": {"action_time": "2023-01-12T17:31:34.523Z", "user": 8, "content_type": 22, "object_id": "9", "object_repr": "Atmospheric", "action_flag": 1, "change_message": "[{\"added\": {}}]"}}, {"model": "admin.logentry", "pk": 296, "fields": {"action_time": "2023-01-12T17:31:38.445Z", "user": 8, "content_type": 22, "object_id": "10", "object_repr": "Beat-'em-Up", "action_flag": 1, "change_message": "[{\"added\": {}}]"}}, {"model": "admin.logentry", "pk": 297, "fields": {"action_time": "2023-01-12T17:31:44.587Z", "user": 8, "content_type": 22, "object_id": "11", "object_repr": "Board Game", "action_flag": 1, "change_message": "[{\"added\": {}}]"}}, {"model": "admin.logentry", "pk": 298, "fields": {"action_time": "2023-01-12T17:31:48.016Z", "user": 8, "content_type": 22, "object_id": "12", "object_repr": "Bullet Hell", "action_flag": 1, "change_message": "[{\"added\": {}}]"}}, {"model": "admin.logentry", "pk": 299, "fields": {"action_time": "2023-01-12T17:31:51.425Z", "user": 8, "content_type": 22, "object_id": "13", "object_repr": "Card Game", "action_flag": 1, "change_message": "[{\"added\": {}}]"}}, {"model": "admin.logentry", "pk": 300, "fields": {"action_time": "2023-01-12T17:31:55.803Z", "user": 8, "content_type": 22, "object_id": "14", "object_repr": "Casual", "action_flag": 1, "change_message": "[{\"added\": {}}]"}}, {"model": "admin.logentry", "pk": 301, "fields": {"action_time": "2023-01-12T17:32:06.948Z", "user": 8, "content_type": 22, "object_id": "15", "object_repr": "Combat", "action_flag": 1, "change_message": "[{\"added\": {}}]"}}, {"model": "admin.logentry", "pk": 302, "fields": {"action_time": "2023-01-12T17:32:11.070Z", "user": 8, "content_type": 22, "object_id": "16", "object_repr": "Dating Sim", "action_flag": 1, "change_message": "[{\"added\": {}}]"}}, {"model": "admin.logentry", "pk": 303, "fields": {"action_time": "2023-01-12T17:32:18.027Z", "user": 8, "content_type": 22, "object_id": "17", "object_repr": "Endless Runner", "action_flag": 1, "change_message": "[{\"added\": {}}]"}}, {"model": "admin.logentry", "pk": 304, "fields": {"action_time": "2023-01-12T17:32:21.361Z", "user": 8, "content_type": 22, "object_id": "18", "object_repr": "FPS", "action_flag": 1, "change_message": "[{\"added\": {}}]"}}, {"model": "admin.logentry", "pk": 305, "fields": {"action_time": "2023-01-12T17:32:25.198Z", "user": 8, "content_type": 22, "object_id": "19", "object_repr": "Grand Strategy", "action_flag": 1, "change_message": "[{\"added\": {}}]"}}, {"model": "admin.logentry", "pk": 306, "fields": {"action_time": "2023-01-12T17:32:28.948Z", "user": 8, "content_type": 22, "object_id": "20", "object_repr": "Hack-n-Slash", "action_flag": 1, "change_message": "[{\"added\": {}}]"}}, {"model": "admin.logentry", "pk": 307, "fields": {"action_time": "2023-01-12T17:32:34.706Z", "user": 8, "content_type": 22, "object_id": "21", "object_repr": "JRPG", "action_flag": 1, "change_message": "[{\"added\": {}}]"}}, {"model": "admin.logentry", "pk": 308, "fields": {"action_time": "2023-01-12T17:32:43.933Z", "user": 8, "content_type": 22, "object_id": "22", "object_repr": "Metroidvania", "action_flag": 1, "change_message": "[{\"added\": {}}]"}}, {"model": "admin.logentry", "pk": 309, "fields": {"action_time": "2023-01-12T17:32:47.420Z", "user": 8, "content_type": 22, "object_id": "23", "object_repr": "Spor", "action_flag": 1, "change_message": "[{\"added\": {}}]"}}, {"model": "admin.logentry", "pk": 310, "fields": {"action_time": "2023-01-12T17:32:58.881Z", "user": 8, "content_type": 22, "object_id": "24", "object_repr": "Racing", "action_flag": 1, "change_message": "[{\"added\": {}}]"}}, {"model": "admin.logentry", "pk": 311, "fields": {"action_time": "2023-01-12T17:33:09.576Z", "user": 8, "content_type": 22, "object_id": "25", "object_repr": "MMO", "action_flag": 1, "change_message": "[{\"added\": {}}]"}}, {"model": "admin.logentry", "pk": 312, "fields": {"action_time": "2023-01-12T17:33:12.609Z", "user": 8, "content_type": 22, "object_id": "26", "object_repr": "MOBA", "action_flag": 1, "change_message": "[{\"added\": {}}]"}}, {"model": "admin.logentry", "pk": 313, "fields": {"action_time": "2023-01-12T17:33:26.236Z", "user": 8, "content_type": 22, "object_id": "27", "object_repr": "Shooting", "action_flag": 1, "change_message": "[{\"added\": {}}]"}}, {"model": "admin.logentry", "pk": 314, "fields": {"action_time": "2023-01-12T17:33:29.686Z", "user": 8, "content_type": 22, "object_id": "28", "object_repr": "Sim", "action_flag": 1, "change_message": "[{\"added\": {}}]"}}, {"model": "admin.logentry", "pk": 315, "fields": {"action_time": "2023-01-12T17:33:36.554Z", "user": 8, "content_type": 22, "object_id": "29", "object_repr": "Stealth", "action_flag": 1, "change_message": "[{\"added\": {}}]"}}, {"model": "admin.logentry", "pk": 316, "fields": {"action_time": "2023-01-12T17:33:50.758Z", "user": 8, "content_type": 22, "object_id": "30", "object_repr": "Strategy", "action_flag": 1, "change_message": "[{\"added\": {}}]"}}, {"model": "admin.logentry", "pk": 317, "fields": {"action_time": "2023-01-12T17:33:56.578Z", "user": 8, "content_type": 22, "object_id": "31", "object_repr": "Survival", "action_flag": 1, "change_message": "[{\"added\": {}}]"}}, {"model": "admin.logentry", "pk": 318, "fields": {"action_time": "2023-01-12T17:33:59.916Z", "user": 8, "content_type": 22, "object_id": "32", "object_repr": "Horror", "action_flag": 1, "change_message": "[{\"added\": {}}]"}}, {"model": "admin.logentry", "pk": 319, "fields": {"action_time": "2023-01-12T17:34:11.088Z", "user": 8, "content_type": 22, "object_id": "33", "object_repr": "Walking Simulator", "action_flag": 1, "change_message": "[{\"added\": {}}]"}}, {"model": "admin.logentry", "pk": 320, "fields": {"action_time": "2023-01-12T17:35:12.828Z", "user": 8, "content_type": 8, "object_id": "58", "object_repr": "Need for Speed: Underground 2", "action_flag": 2, "change_message": "[{\"changed\": {\"fields\": [\"Genres\"]}}]"}}, {"model": "admin.logentry", "pk": 321, "fields": {"action_time": "2023-01-12T17:35:37.067Z", "user": 8, "content_type": 8, "object_id": "57", "object_repr": "TrackMania 2: Stadium", "action_flag": 2, "change_message": "[{\"changed\": {\"fields\": [\"Genres\"]}}]"}}, {"model": "admin.logentry", "pk": 322, "fields": {"action_time": "2023-01-12T17:36:05.378Z", "user": 8, "content_type": 8, "object_id": "56", "object_repr": "Metro Exodus", "action_flag": 2, "change_message": "[{\"changed\": {\"fields\": [\"Genres\"]}}]"}}, {"model": "admin.logentry", "pk": 323, "fields": {"action_time": "2023-01-12T17:36:25.007Z", "user": 8, "content_type": 8, "object_id": "55", "object_repr": "Beyond: Two Souls", "action_flag": 2, "change_message": "[{\"changed\": {\"fields\": [\"Genres\"]}}]"}}, {"model": "admin.logentry", "pk": 324, "fields": {"action_time": "2023-01-12T17:37:03.914Z", "user": 8, "content_type": 8, "object_id": "54", "object_repr": "Heavy Rain", "action_flag": 2, "change_message": "[{\"changed\": {\"fields\": [\"Genres\"]}}]"}}, {"model": "admin.logentry", "pk": 325, "fields": {"action_time": "2023-01-12T17:37:36.345Z", "user": 8, "content_type": 8, "object_id": "53", "object_repr": "Detroit: Become Human", "action_flag": 2, "change_message": "[{\"changed\": {\"fields\": [\"Genres\"]}}]"}}, {"model": "admin.logentry", "pk": 326, "fields": {"action_time": "2023-01-12T17:37:50.496Z", "user": 8, "content_type": 8, "object_id": "52", "object_repr": "The Outer Worlds", "action_flag": 2, "change_message": "[{\"changed\": {\"fields\": [\"Genres\"]}}]"}}, {"model": "admin.logentry", "pk": 327, "fields": {"action_time": "2023-01-12T17:38:14.123Z", "user": 8, "content_type": 8, "object_id": "51", "object_repr": "Control", "action_flag": 2, "change_message": "[{\"changed\": {\"fields\": [\"Genres\"]}}]"}}, {"model": "admin.logentry", "pk": 328, "fields": {"action_time": "2023-01-12T18:51:05.222Z", "user": 8, "content_type": 8, "object_id": "1", "object_repr": "God of War", "action_flag": 2, "change_message": "[{\"changed\": {\"fields\": [\"Genres\"]}}]"}}, {"model": "admin.logentry", "pk": 329, "fields": {"action_time": "2023-01-12T19:20:08.733Z", "user": 8, "content_type": 22, "object_id": "33", "object_repr": "Walking Simulator", "action_flag": 3, "change_message": ""}}, {"model": "admin.logentry", "pk": 330, "fields": {"action_time": "2023-01-12T19:20:08.746Z", "user": 8, "content_type": 22, "object_id": "32", "object_repr": "Horror", "action_flag": 3, "change_message": ""}}, {"model": "admin.logentry", "pk": 331, "fields": {"action_time": "2023-01-12T19:20:08.750Z", "user": 8, "content_type": 22, "object_id": "30", "object_repr": "Strategy", "action_flag": 3, "change_message": ""}}, {"model": "admin.logentry", "pk": 332, "fields": {"action_time": "2023-01-12T19:20:08.756Z", "user": 8, "content_type": 22, "object_id": "28", "object_repr": "Sim", "action_flag": 3, "change_message": ""}}, {"model": "admin.logentry", "pk": 333, "fields": {"action_time": "2023-01-12T19:20:08.759Z", "user": 8, "content_type": 22, "object_id": "24", "object_repr": "Racing", "action_flag": 3, "change_message": ""}}, {"model": "admin.logentry", "pk": 334, "fields": {"action_time": "2023-01-12T19:20:08.761Z", "user": 8, "content_type": 22, "object_id": "23", "object_repr": "Spor", "action_flag": 3, "change_message": ""}}, {"model": "admin.logentry", "pk": 335, "fields": {"action_time": "2023-01-12T19:20:08.764Z", "user": 8, "content_type": 22, "object_id": "21", "object_repr": "JRPG", "action_flag": 3, "change_message": ""}}, {"model": "admin.logentry", "pk": 336, "fields": {"action_time": "2023-01-12T19:20:08.767Z", "user": 8, "content_type": 22, "object_id": "20", "object_repr": "Hack-n-Slash", "action_flag": 3, "change_message": ""}}, {"model": "admin.logentry", "pk": 337, "fields": {"action_time": "2023-01-12T19:20:08.769Z", "user": 8, "content_type": 22, "object_id": "18", "object_repr": "FPS", "action_flag": 3, "change_message": ""}}, {"model": "admin.logentry", "pk": 338, "fields": {"action_time": "2023-01-12T19:20:08.772Z", "user": 8, "content_type": 22, "object_id": "15", "object_repr": "Combat", "action_flag": 3, "change_message": ""}}, {"model": "admin.logentry", "pk": 339, "fields": {"action_time": "2023-01-12T19:20:08.775Z", "user": 8, "content_type": 22, "object_id": "9", "object_repr": "Atmospheric", "action_flag": 3, "change_message": ""}}, {"model": "admin.logentry", "pk": 340, "fields": {"action_time": "2023-01-12T19:20:08.778Z", "user": 8, "content_type": 22, "object_id": "4", "object_repr": "Adventure", "action_flag": 3, "change_message": ""}}, {"model": "admin.logentry", "pk": 341, "fields": {"action_time": "2023-01-12T19:20:08.780Z", "user": 8, "content_type": 22, "object_id": "3", "object_repr": "Souls Lile", "action_flag": 3, "change_message": ""}}, {"model": "admin.logentry", "pk": 342, "fields": {"action_time": "2023-01-12T19:20:08.783Z", "user": 8, "content_type": 22, "object_id": "2", "object_repr": "Action", "action_flag": 3, "change_message": ""}}, {"model": "admin.logentry", "pk": 343, "fields": {"action_time": "2023-01-12T19:20:08.786Z", "user": 8, "content_type": 22, "object_id": "1", "object_repr": "RPG", "action_flag": 3, "change_message": ""}}, {"model": "admin.logentry", "pk": 344, "fields": {"action_time": "2023-01-12T19:20:28.542Z", "user": 8, "content_type": 22, "object_id": "34", "object_repr": "Rich Story", "action_flag": 1, "change_message": "[{\"added\": {}}]"}}, {"model": "admin.logentry", "pk": 345, "fields": {"action_time": "2023-01-12T19:21:37.444Z", "user": 8, "content_type": 22, "object_id": "34", "object_repr": "Rich Story", "action_flag": 3, "change_message": ""}}, {"model": "admin.logentry", "pk": 346, "fields": {"action_time": "2023-01-12T19:21:37.458Z", "user": 8, "content_type": 22, "object_id": "31", "object_repr": "Survival", "action_flag": 3, "change_message": ""}}, {"model": "admin.logentry", "pk": 347, "fields": {"action_time": "2023-01-12T19:21:37.461Z", "user": 8, "content_type": 22, "object_id": "29", "object_repr": "Stealth", "action_flag": 3, "change_message": ""}}, {"model": "admin.logentry", "pk": 348, "fields": {"action_time": "2023-01-12T19:21:37.464Z", "user": 8, "content_type": 22, "object_id": "27", "object_repr": "Shooting", "action_flag": 3, "change_message": ""}}, {"model": "admin.logentry", "pk": 349, "fields": {"action_time": "2023-01-12T19:21:37.466Z", "user": 8, "content_type": 22, "object_id": "26", "object_repr": "MOBA", "action_flag": 3, "change_message": ""}}, {"model": "admin.logentry", "pk": 350, "fields": {"action_time": "2023-01-12T19:21:37.468Z", "user": 8, "content_type": 22, "object_id": "25", "object_repr": "MMO", "action_flag": 3, "change_message": ""}}, {"model": "admin.logentry", "pk": 351, "fields": {"action_time": "2023-01-12T19:21:37.471Z", "user": 8, "content_type": 22, "object_id": "22", "object_repr": "Metroidvania", "action_flag": 3, "change_message": ""}}, {"model": "admin.logentry", "pk": 352, "fields": {"action_time": "2023-01-12T19:21:37.474Z", "user": 8, "content_type": 22, "object_id": "19", "object_repr": "Grand Strategy", "action_flag": 3, "change_message": ""}}, {"model": "admin.logentry", "pk": 353, "fields": {"action_time": "2023-01-12T19:21:37.476Z", "user": 8, "content_type": 22, "object_id": "17", "object_repr": "Endless Runner", "action_flag": 3, "change_message": ""}}, {"model": "admin.logentry", "pk": 354, "fields": {"action_time": "2023-01-12T19:21:37.479Z", "user": 8, "content_type": 22, "object_id": "16", "object_repr": "Dating Sim", "action_flag": 3, "change_message": ""}}, {"model": "admin.logentry", "pk": 355, "fields": {"action_time": "2023-01-12T19:21:37.481Z", "user": 8, "content_type": 22, "object_id": "14", "object_repr": "Casual", "action_flag": 3, "change_message": ""}}, {"model": "admin.logentry", "pk": 356, "fields": {"action_time": "2023-01-12T19:21:37.484Z", "user": 8, "content_type": 22, "object_id": "13", "object_repr": "Card Game", "action_flag": 3, "change_message": ""}}, {"model": "admin.logentry", "pk": 357, "fields": {"action_time": "2023-01-12T19:21:37.486Z", "user": 8, "content_type": 22, "object_id": "12", "object_repr": "Bullet Hell", "action_flag": 3, "change_message": ""}}, {"model": "admin.logentry", "pk": 358, "fields": {"action_time": "2023-01-12T19:21:37.488Z", "user": 8, "content_type": 22, "object_id": "11", "object_repr": "Board Game", "action_flag": 3, "change_message": ""}}, {"model": "admin.logentry", "pk": 359, "fields": {"action_time": "2023-01-12T19:21:37.491Z", "user": 8, "content_type": 22, "object_id": "10", "object_repr": "Beat-'em-Up", "action_flag": 3, "change_message": ""}}, {"model": "admin.logentry", "pk": 360, "fields": {"action_time": "2023-01-12T19:21:37.502Z", "user": 8, "content_type": 22, "object_id": "8", "object_repr": "Arena Shooter", "action_flag": 3, "change_message": ""}}, {"model": "admin.logentry", "pk": 361, "fields": {"action_time": "2023-01-12T19:21:37.506Z", "user": 8, "content_type": 22, "object_id": "7", "object_repr": "Arena Combat", "action_flag": 3, "change_message": ""}}, {"model": "admin.logentry", "pk": 362, "fields": {"action_time": "2023-01-12T19:21:37.508Z", "user": 8, "content_type": 22, "object_id": "6", "object_repr": "Arena Brawler", "action_flag": 3, "change_message": ""}}, {"model": "admin.logentry", "pk": 363, "fields": {"action_time": "2023-01-12T19:21:37.514Z", "user": 8, "content_type": 22, "object_id": "5", "object_repr": "Air Combat", "action_flag": 3, "change_message": ""}}, {"model": "admin.logentry", "pk": 364, "fields": {"action_time": "2023-01-12T19:21:58.935Z", "user": 8, "content_type": 22, "object_id": "35", "object_repr": "Action", "action_flag": 1, "change_message": "[{\"added\": {}}]"}}, {"model": "admin.logentry", "pk": 365, "fields": {"action_time": "2023-01-12T19:22:06.726Z", "user": 8, "content_type": 22, "object_id": "36", "object_repr": "Adventure", "action_flag": 1, "change_message": "[{\"added\": {}}]"}}, {"model": "admin.logentry", "pk": 366, "fields": {"action_time": "2023-01-12T19:22:15.733Z", "user": 8, "content_type": 22, "object_id": "37", "object_repr": "Puzzle", "action_flag": 1, "change_message": "[{\"added\": {}}]"}}, {"model": "admin.logentry", "pk": 367, "fields": {"action_time": "2023-01-12T19:22:32.241Z", "user": 8, "content_type": 22, "object_id": "38", "object_repr": "Role Playing Game", "action_flag": 1, "change_message": "[{\"added\": {}}]"}}, {"model": "admin.logentry", "pk": 368, "fields": {"action_time": "2023-01-12T19:22:37.868Z", "user": 8, "content_type": 22, "object_id": "39", "object_repr": "Simulation", "action_flag": 1, "change_message": "[{\"added\": {}}]"}}, {"model": "admin.logentry", "pk": 369, "fields": {"action_time": "2023-01-12T19:22:46.950Z", "user": 8, "content_type": 22, "object_id": "40", "object_repr": "Strategy", "action_flag": 1, "change_message": "[{\"added\": {}}]"}}, {"model": "admin.logentry", "pk": 370, "fields": {"action_time": "2023-01-12T19:22:54.961Z", "user": 8, "content_type": 22, "object_id": "41", "object_repr": "Sports", "action_flag": 1, "change_message": "[{\"added\": {}}]"}}, {"model": "admin.logentry", "pk": 371, "fields": {"action_time": "2023-01-12T19:23:01.719Z", "user": 8, "content_type": 22, "object_id": "42", "object_repr": "Racing", "action_flag": 1, "change_message": "[{\"added\": {}}]"}}, {"model": "admin.logentry", "pk": 372, "fields": {"action_time": "2023-01-12T19:23:29.078Z", "user": 8, "content_type": 22, "object_id": "43", "object_repr": "Rich Story", "action_flag": 1, "change_message": "[{\"added\": {}}]"}}, {"model": "admin.logentry", "pk": 373, "fields": {"action_time": "2023-01-12T19:23:44.944Z", "user": 8, "content_type": 22, "object_id": "44", "object_repr": "First Person Shooter", "action_flag": 1, "change_message": "[{\"added\": {}}]"}}, {"model": "admin.logentry", "pk": 374, "fields": {"action_time": "2023-01-12T19:24:00.943Z", "user": 8, "content_type": 22, "object_id": "45", "object_repr": "Third Person Shooter", "action_flag": 1, "change_message": "[{\"added\": {}}]"}}, {"model": "admin.logentry", "pk": 375, "fields": {"action_time": "2023-01-12T19:24:27.582Z", "user": 8, "content_type": 8, "object_id": "58", "object_repr": "Need for Speed: Underground 2", "action_flag": 2, "change_message": "[{\"changed\": {\"fields\": [\"Genres\"]}}]"}}, {"model": "admin.logentry", "pk": 376, "fields": {"action_time": "2023-01-12T19:24:36.636Z", "user": 8, "content_type": 8, "object_id": "57", "object_repr": "TrackMania 2: Stadium", "action_flag": 2, "change_message": "[{\"changed\": {\"fields\": [\"Genres\"]}}]"}}, {"model": "admin.logentry", "pk": 377, "fields": {"action_time": "2023-01-12T19:25:01.028Z", "user": 8, "content_type": 8, "object_id": "56", "object_repr": "Metro Exodus", "action_flag": 2, "change_message": "[{\"changed\": {\"fields\": [\"Genres\"]}}]"}}, {"model": "admin.logentry", "pk": 378, "fields": {"action_time": "2023-01-12T19:25:13.019Z", "user": 8, "content_type": 8, "object_id": "55", "object_repr": "Beyond: Two Souls", "action_flag": 2, "change_message": "[{\"changed\": {\"fields\": [\"Genres\"]}}]"}}, {"model": "admin.logentry", "pk": 379, "fields": {"action_time": "2023-01-12T19:25:21.739Z", "user": 8, "content_type": 22, "object_id": "46", "object_repr": "Horror", "action_flag": 1, "change_message": "[{\"added\": {}}]"}}, {"model": "admin.logentry", "pk": 380, "fields": {"action_time": "2023-01-12T19:25:31.504Z", "user": 8, "content_type": 8, "object_id": "54", "object_repr": "Heavy Rain", "action_flag": 2, "change_message": "[{\"changed\": {\"fields\": [\"Genres\"]}}]"}}, {"model": "admin.logentry", "pk": 381, "fields": {"action_time": "2023-01-12T19:25:55.820Z", "user": 8, "content_type": 8, "object_id": "53", "object_repr": "Detroit: Become Human", "action_flag": 2, "change_message": "[{\"changed\": {\"fields\": [\"Genres\"]}}]"}}, {"model": "admin.logentry", "pk": 382, "fields": {"action_time": "2023-01-12T19:26:08.907Z", "user": 8, "content_type": 8, "object_id": "52", "object_repr": "The Outer Worlds", "action_flag": 2, "change_message": "[{\"changed\": {\"fields\": [\"Genres\"]}}]"}}, {"model": "admin.logentry", "pk": 383, "fields": {"action_time": "2023-01-12T19:26:22.839Z", "user": 8, "content_type": 8, "object_id": "51", "object_repr": "Control", "action_flag": 2, "change_message": "[{\"changed\": {\"fields\": [\"Genres\"]}}]"}}, {"model": "admin.logentry", "pk": 384, "fields": {"action_time": "2023-01-12T19:26:55.520Z", "user": 8, "content_type": 22, "object_id": "47", "object_repr": "Online Co-OP", "action_flag": 1, "change_message": "[{\"added\": {}}]"}}, {"model": "admin.logentry", "pk": 385, "fields": {"action_time": "2023-01-12T19:27:01.363Z", "user": 8, "content_type": 8, "object_id": "50", "object_repr": "Tom Clancys Ghost Recon: Breakpoint", "action_flag": 2, "change_message": "[{\"changed\": {\"fields\": [\"Genres\"]}}]"}}, {"model": "admin.logentry", "pk": 386, "fields": {"action_time": "2023-01-12T19:27:14.075Z", "user": 8, "content_type": 8, "object_id": "49", "object_repr": "Watch Dogs: Legion", "action_flag": 2, "change_message": "[{\"changed\": {\"fields\": [\"Genres\"]}}]"}}, {"model": "admin.logentry", "pk": 387, "fields": {"action_time": "2023-01-12T19:28:27.317Z", "user": 8, "content_type": 8, "object_id": "48", "object_repr": "Borderlands 3", "action_flag": 2, "change_message": "[{\"changed\": {\"fields\": [\"Genres\"]}}]"}}, {"model": "admin.logentry", "pk": 388, "fields": {"action_time": "2023-01-12T19:28:40.917Z", "user": 8, "content_type": 8, "object_id": "47", "object_repr": "Biomutant", "action_flag": 2, "change_message": "[{\"changed\": {\"fields\": [\"Genres\"]}}]"}}, {"model": "admin.logentry", "pk": 389, "fields": {"action_time": "2023-01-12T19:29:00.763Z", "user": 8, "content_type": 8, "object_id": "46", "object_repr": "Days Gone", "action_flag": 2, "change_message": "[{\"changed\": {\"fields\": [\"Genres\"]}}]"}}, {"model": "admin.logentry", "pk": 390, "fields": {"action_time": "2023-01-12T19:29:12.161Z", "user": 8, "content_type": 22, "object_id": "48", "object_repr": "Fighting", "action_flag": 1, "change_message": "[{\"added\": {}}]"}}, {"model": "admin.logentry", "pk": 391, "fields": {"action_time": "2023-01-12T19:29:21.823Z", "user": 8, "content_type": 8, "object_id": "45", "object_repr": "Mortal Kombat 11", "action_flag": 2, "change_message": "[{\"changed\": {\"fields\": [\"Genres\"]}}]"}}, {"model": "admin.logentry", "pk": 392, "fields": {"action_time": "2023-01-12T19:29:34.771Z", "user": 8, "content_type": 8, "object_id": "44", "object_repr": "Tom Clancys Rainbow Six Siege", "action_flag": 2, "change_message": "[{\"changed\": {\"fields\": [\"Genres\"]}}]"}}, {"model": "admin.logentry", "pk": 393, "fields": {"action_time": "2023-01-12T19:30:07.334Z", "user": 8, "content_type": 8, "object_id": "43", "object_repr": "Far Cry 5", "action_flag": 2, "change_message": "[{\"changed\": {\"fields\": [\"Genres\"]}}]"}}, {"model": "admin.logentry", "pk": 394, "fields": {"action_time": "2023-01-12T19:30:14.650Z", "user": 8, "content_type": 8, "object_id": "42", "object_repr": "Apex Legends", "action_flag": 2, "change_message": "[{\"changed\": {\"fields\": [\"Genres\"]}}]"}}, {"model": "admin.logentry", "pk": 395, "fields": {"action_time": "2023-01-12T19:30:36.053Z", "user": 8, "content_type": 8, "object_id": "41", "object_repr": "Divinity: Original Sin II", "action_flag": 2, "change_message": "[{\"changed\": {\"fields\": [\"Genres\"]}}]"}}, {"model": "admin.logentry", "pk": 396, "fields": {"action_time": "2023-01-12T19:30:51.390Z", "user": 8, "content_type": 8, "object_id": "40", "object_repr": "Tom Clancys The Division 2", "action_flag": 2, "change_message": "[{\"changed\": {\"fields\": [\"Genres\"]}}]"}}, {"model": "admin.logentry", "pk": 397, "fields": {"action_time": "2023-01-12T19:31:16.652Z", "user": 8, "content_type": 22, "object_id": "49", "object_repr": "Walking Simulator", "action_flag": 1, "change_message": "[{\"added\": {}}]"}}, {"model": "admin.logentry", "pk": 398, "fields": {"action_time": "2023-01-12T19:31:29.348Z", "user": 8, "content_type": 8, "object_id": "39", "object_repr": "Death Stranding", "action_flag": 2, "change_message": "[{\"changed\": {\"fields\": [\"Genres\"]}}]"}}, {"model": "admin.logentry", "pk": 399, "fields": {"action_time": "2023-01-12T19:31:42.635Z", "user": 8, "content_type": 8, "object_id": "38", "object_repr": "Mass Effect: Andromeda", "action_flag": 2, "change_message": "[{\"changed\": {\"fields\": [\"Genres\"]}}]"}}, {"model": "admin.logentry", "pk": 400, "fields": {"action_time": "2023-01-12T19:32:02.134Z", "user": 8, "content_type": 8, "object_id": "37", "object_repr": "Sniper: Ghost Warrior 3", "action_flag": 2, "change_message": "[{\"changed\": {\"fields\": [\"Genres\"]}}]"}}, {"model": "admin.logentry", "pk": 401, "fields": {"action_time": "2023-01-12T19:32:39.959Z", "user": 8, "content_type": 8, "object_id": "36", "object_repr": "Crysis 3", "action_flag": 2, "change_message": "[{\"changed\": {\"fields\": [\"Genres\"]}}]"}}, {"model": "admin.logentry", "pk": 402, "fields": {"action_time": "2023-01-12T19:32:53.894Z", "user": 8, "content_type": 8, "object_id": "33", "object_repr": "Uncharted 4: A Thiefs End", "action_flag": 2, "change_message": "[{\"changed\": {\"fields\": [\"Genres\"]}}]"}}, {"model": "admin.logentry", "pk": 403, "fields": {"action_time": "2023-01-12T19:33:05.938Z", "user": 8, "content_type": 8, "object_id": "32", "object_repr": "Mafia", "action_flag": 2, "change_message": "[{\"changed\": {\"fields\": [\"Genres\"]}}]"}}, {"model": "admin.logentry", "pk": 404, "fields": {"action_time": "2023-01-12T19:33:25.284Z", "user": 8, "content_type": 22, "object_id": "50", "object_repr": "Souls Like", "action_flag": 1, "change_message": "[{\"added\": {}}]"}}, {"model": "admin.logentry", "pk": 405, "fields": {"action_time": "2023-01-12T19:33:38.592Z", "user": 8, "content_type": 8, "object_id": "31", "object_repr": "Dark Souls III", "action_flag": 2, "change_message": "[{\"changed\": {\"fields\": [\"Genres\"]}}]"}}, {"model": "admin.logentry", "pk": 406, "fields": {"action_time": "2023-01-12T19:33:49.501Z", "user": 8, "content_type": 8, "object_id": "30", "object_repr": "Max Payne 3", "action_flag": 2, "change_message": "[{\"changed\": {\"fields\": [\"Genres\"]}}]"}}, {"model": "admin.logentry", "pk": 407, "fields": {"action_time": "2023-01-12T19:34:28.496Z", "user": 8, "content_type": 8, "object_id": "30", "object_repr": "Max Payne 3", "action_flag": 2, "change_message": "[]"}}, {"model": "admin.logentry", "pk": 408, "fields": {"action_time": "2023-01-12T19:34:38.494Z", "user": 8, "content_type": 8, "object_id": "29", "object_repr": "Max Payne", "action_flag": 2, "change_message": "[{\"changed\": {\"fields\": [\"Genres\"]}}]"}}, {"model": "admin.logentry", "pk": 409, "fields": {"action_time": "2023-01-12T19:34:56.067Z", "user": 8, "content_type": 8, "object_id": "28", "object_repr": "Deus Ex: Mankind Divided", "action_flag": 2, "change_message": "[{\"changed\": {\"fields\": [\"Genres\"]}}]"}}, {"model": "admin.logentry", "pk": 410, "fields": {"action_time": "2023-01-12T19:35:19.611Z", "user": 8, "content_type": 8, "object_id": "27", "object_repr": "Murdered: Soul Suspect", "action_flag": 2, "change_message": "[{\"changed\": {\"fields\": [\"Genres\"]}}]"}}, {"model": "admin.logentry", "pk": 411, "fields": {"action_time": "2023-01-12T19:35:36.512Z", "user": 8, "content_type": 8, "object_id": "26", "object_repr": "Bioshock Infinite", "action_flag": 2, "change_message": "[{\"changed\": {\"fields\": [\"Genres\"]}}]"}}, {"model": "admin.logentry", "pk": 412, "fields": {"action_time": "2023-01-12T19:35:49.363Z", "user": 8, "content_type": 8, "object_id": "25", "object_repr": "Grand Theft Auto: Vice City", "action_flag": 2, "change_message": "[{\"changed\": {\"fields\": [\"Genres\"]}}]"}}, {"model": "admin.logentry", "pk": 413, "fields": {"action_time": "2023-01-12T19:36:14.256Z", "user": 8, "content_type": 8, "object_id": "24", "object_repr": "Sekiro: Shadows Die Twice", "action_flag": 2, "change_message": "[{\"changed\": {\"fields\": [\"Genres\"]}}]"}}, {"model": "admin.logentry", "pk": 414, "fields": {"action_time": "2023-01-12T19:36:41.539Z", "user": 8, "content_type": 8, "object_id": "23", "object_repr": "Grand Theft Auto V", "action_flag": 2, "change_message": "[{\"changed\": {\"fields\": [\"Genres\"]}}]"}}, {"model": "admin.logentry", "pk": 415, "fields": {"action_time": "2023-01-12T19:37:12.071Z", "user": 8, "content_type": 8, "object_id": "22", "object_repr": "Horizon Zero Dawn", "action_flag": 2, "change_message": "[{\"changed\": {\"fields\": [\"Genres\"]}}]"}}, {"model": "admin.logentry", "pk": 416, "fields": {"action_time": "2023-01-12T19:37:45.370Z", "user": 8, "content_type": 8, "object_id": "21", "object_repr": "The Last of Us Remastered", "action_flag": 2, "change_message": "[{\"changed\": {\"fields\": [\"Genres\"]}}]"}}, {"model": "admin.logentry", "pk": 417, "fields": {"action_time": "2023-01-12T19:38:09.686Z", "user": 8, "content_type": 8, "object_id": "20", "object_repr": "The Last of Us Part II", "action_flag": 2, "change_message": "[{\"changed\": {\"fields\": [\"Genres\"]}}]"}}, {"model": "admin.logentry", "pk": 418, "fields": {"action_time": "2023-01-12T19:38:48.306Z", "user": 8, "content_type": 8, "object_id": "19", "object_repr": "NieR: Automata", "action_flag": 2, "change_message": "[{\"changed\": {\"fields\": [\"Genres\"]}}]"}}, {"model": "admin.logentry", "pk": 419, "fields": {"action_time": "2023-01-12T19:38:57.469Z", "user": 8, "content_type": 8, "object_id": "17", "object_repr": "Uncharted 3: Drakes Deception", "action_flag": 2, "change_message": "[{\"changed\": {\"fields\": [\"Genres\"]}}]"}}, {"model": "admin.logentry", "pk": 420, "fields": {"action_time": "2023-01-12T19:39:06.289Z", "user": 8, "content_type": 8, "object_id": "16", "object_repr": "Uncharted 2: Among Thieves", "action_flag": 2, "change_message": "[{\"changed\": {\"fields\": [\"Genres\"]}}]"}}, {"model": "admin.logentry", "pk": 421, "fields": {"action_time": "2023-01-12T19:39:24.756Z", "user": 8, "content_type": 8, "object_id": "15", "object_repr": "Hades", "action_flag": 2, "change_message": "[{\"changed\": {\"fields\": [\"Genres\"]}}]"}}, {"model": "admin.logentry", "pk": 422, "fields": {"action_time": "2023-01-12T19:39:33.016Z", "user": 8, "content_type": 8, "object_id": "14", "object_repr": "Uncharted: Drakes Fortune", "action_flag": 2, "change_message": "[{\"changed\": {\"fields\": [\"Genres\"]}}]"}}, {"model": "admin.logentry", "pk": 423, "fields": {"action_time": "2023-01-12T19:40:04.931Z", "user": 8, "content_type": 8, "object_id": "13", "object_repr": "Bloodborne", "action_flag": 2, "change_message": "[{\"changed\": {\"fields\": [\"Genres\"]}}]"}}, {"model": "admin.logentry", "pk": 424, "fields": {"action_time": "2023-01-12T19:40:20.031Z", "user": 8, "content_type": 8, "object_id": "12", "object_repr": "Final Fantasy VII", "action_flag": 2, "change_message": "[{\"changed\": {\"fields\": [\"Genres\"]}}]"}}, {"model": "admin.logentry", "pk": 425, "fields": {"action_time": "2023-01-12T19:40:29.838Z", "user": 8, "content_type": 8, "object_id": "11", "object_repr": "Batman Arkham City", "action_flag": 2, "change_message": "[{\"changed\": {\"fields\": [\"Genres\"]}}]"}}, {"model": "admin.logentry", "pk": 426, "fields": {"action_time": "2023-01-12T19:40:43.907Z", "user": 8, "content_type": 8, "object_id": "8", "object_repr": "Gears 5", "action_flag": 2, "change_message": "[{\"changed\": {\"fields\": [\"Genres\"]}}]"}}, {"model": "admin.logentry", "pk": 427, "fields": {"action_time": "2023-01-12T19:40:53.289Z", "user": 8, "content_type": 8, "object_id": "7", "object_repr": "Dead by Daylight", "action_flag": 2, "change_message": "[{\"changed\": {\"fields\": [\"Genres\"]}}]"}}, {"model": "admin.logentry", "pk": 428, "fields": {"action_time": "2023-01-12T19:41:03.249Z", "user": 8, "content_type": 8, "object_id": "6", "object_repr": "Grand Theft Auto: San Andreas", "action_flag": 2, "change_message": "[{\"changed\": {\"fields\": [\"Genres\"]}}]"}}, {"model": "admin.logentry", "pk": 429, "fields": {"action_time": "2023-01-12T19:41:14.824Z", "user": 8, "content_type": 8, "object_id": "4", "object_repr": "Cyberpunk 2077", "action_flag": 2, "change_message": "[{\"changed\": {\"fields\": [\"Genres\"]}}]"}}, {"model": "admin.logentry", "pk": 430, "fields": {"action_time": "2023-01-12T19:41:31.308Z", "user": 8, "content_type": 8, "object_id": "3", "object_repr": "Dying Light 2", "action_flag": 2, "change_message": "[{\"changed\": {\"fields\": [\"Genres\"]}}]"}}, {"model": "admin.logentry", "pk": 431, "fields": {"action_time": "2023-01-12T19:41:44.210Z", "user": 8, "content_type": 8, "object_id": "2", "object_repr": "Red Dead Redemption 2", "action_flag": 2, "change_message": "[{\"changed\": {\"fields\": [\"Genres\"]}}]"}}, {"model": "admin.logentry", "pk": 432, "fields": {"action_time": "2023-01-12T19:41:51.285Z", "user": 8, "content_type": 8, "object_id": "1", "object_repr": "God of War", "action_flag": 2, "change_message": "[{\"changed\": {\"fields\": [\"Genres\"]}}]"}}, {"model": "admin.logentry", "pk": 433, "fields": {"action_time": "2023-01-12T20:26:01.586Z", "user": 8, "content_type": 8, "object_id": "56", "object_repr": "Metro Exodus", "action_flag": 2, "change_message": "[]"}}, {"model": "admin.logentry", "pk": 434, "fields": {"action_time": "2023-01-13T15:08:08.748Z", "user": 8, "content_type": 8, "object_id": "5", "object_repr": "The Witcher 3: Wild Hunt", "action_flag": 2, "change_message": "[{\"changed\": {\"fields\": [\"Genres\"]}}]"}}, {"model": "auth.permission", "pk": 1, "fields": {"name": "Can add log entry", "content_type": 1, "codename": "add_logentry"}}, {"model": "auth.permission", "pk": 2, "fields": {"name": "Can change log entry", "content_type": 1, "codename": "change_logentry"}}, {"model": "auth.permission", "pk": 3, "fields": {"name": "Can delete log entry", "content_type": 1, "codename": "delete_logentry"}}, {"model": "auth.permission", "pk": 4, "fields": {"name": "Can view log entry", "content_type": 1, "codename": "view_logentry"}}, {"model": "auth.permission", "pk": 5, "fields": {"name": "Can add permission", "content_type": 2, "codename": "add_permission"}}, {"model": "auth.permission", "pk": 6, "fields": {"name": "Can change permission", "content_type": 2, "codename": "change_permission"}}, {"model": "auth.permission", "pk": 7, "fields": {"name": "Can delete permission", "content_type": 2, "codename": "delete_permission"}}, {"model": "auth.permission", "pk": 8, "fields": {"name": "Can view permission", "content_type": 2, "codename": "view_permission"}}, {"model": "auth.permission", "pk": 9, "fields": {"name": "Can add group", "content_type": 3, "codename": "add_group"}}, {"model": "auth.permission", "pk": 10, "fields": {"name": "Can change group", "content_type": 3, "codename": "change_group"}}, {"model": "auth.permission", "pk": 11, "fields": {"name": "Can delete group", "content_type": 3, "codename": "delete_group"}}, {"model": "auth.permission", "pk": 12, "fields": {"name": "Can view group", "content_type": 3, "codename": "view_group"}}, {"model": "auth.permission", "pk": 13, "fields": {"name": "Can add user", "content_type": 4, "codename": "add_user"}}, {"model": "auth.permission", "pk": 14, "fields": {"name": "Can change user", "content_type": 4, "codename": "change_user"}}, {"model": "auth.permission", "pk": 15, "fields": {"name": "Can delete user", "content_type": 4, "codename": "delete_user"}}, {"model": "auth.permission", "pk": 16, "fields": {"name": "Can view user", "content_type": 4, "codename": "view_user"}}, {"model": "auth.permission", "pk": 17, "fields": {"name": "Can add content type", "content_type": 5, "codename": "add_contenttype"}}, {"model": "auth.permission", "pk": 18, "fields": {"name": "Can change content type", "content_type": 5, "codename": "change_contenttype"}}, {"model": "auth.permission", "pk": 19, "fields": {"name": "Can delete content type", "content_type": 5, "codename": "delete_contenttype"}}, {"model": "auth.permission", "pk": 20, "fields": {"name": "Can view content type", "content_type": 5, "codename": "view_contenttype"}}, {"model": "auth.permission", "pk": 21, "fields": {"name": "Can add session", "content_type": 6, "codename": "add_session"}}, {"model": "auth.permission", "pk": 22, "fields": {"name": "Can change session", "content_type": 6, "codename": "change_session"}}, {"model": "auth.permission", "pk": 23, "fields": {"name": "Can delete session", "content_type": 6, "codename": "delete_session"}}, {"model": "auth.permission", "pk": 24, "fields": {"name": "Can view session", "content_type": 6, "codename": "view_session"}}, {"model": "auth.permission", "pk": 25, "fields": {"name": "Can add developer", "content_type": 7, "codename": "add_developer"}}, {"model": "auth.permission", "pk": 26, "fields": {"name": "Can change developer", "content_type": 7, "codename": "change_developer"}}, {"model": "auth.permission", "pk": 27, "fields": {"name": "Can delete developer", "content_type": 7, "codename": "delete_developer"}}, {"model": "auth.permission", "pk": 28, "fields": {"name": "Can view developer", "content_type": 7, "codename": "view_developer"}}, {"model": "auth.permission", "pk": 29, "fields": {"name": "Can add game", "content_type": 8, "codename": "add_game"}}, {"model": "auth.permission", "pk": 30, "fields": {"name": "Can change game", "content_type": 8, "codename": "change_game"}}, {"model": "auth.permission", "pk": 31, "fields": {"name": "Can delete game", "content_type": 8, "codename": "delete_game"}}, {"model": "auth.permission", "pk": 32, "fields": {"name": "Can view game", "content_type": 8, "codename": "view_game"}}, {"model": "auth.permission", "pk": 33, "fields": {"name": "Can add publisher", "content_type": 9, "codename": "add_publisher"}}, {"model": "auth.permission", "pk": 34, "fields": {"name": "Can change publisher", "content_type": 9, "codename": "change_publisher"}}, {"model": "auth.permission", "pk": 35, "fields": {"name": "Can delete publisher", "content_type": 9, "codename": "delete_publisher"}}, {"model": "auth.permission", "pk": 36, "fields": {"name": "Can view publisher", "content_type": 9, "codename": "view_publisher"}}, {"model": "auth.permission", "pk": 37, "fields": {"name": "Can add platform", "content_type": 10, "codename": "add_platform"}}, {"model": "auth.permission", "pk": 38, "fields": {"name": "Can change platform", "content_type": 10, "codename": "change_platform"}}, {"model": "auth.permission", "pk": 39, "fields": {"name": "Can delete platform", "content_type": 10, "codename": "delete_platform"}}, {"model": "auth.permission", "pk": 40, "fields": {"name": "Can view platform", "content_type": 10, "codename": "view_platform"}}, {"model": "auth.permission", "pk": 41, "fields": {"name": "Can add category", "content_type": 11, "codename": "add_category"}}, {"model": "auth.permission", "pk": 42, "fields": {"name": "Can change category", "content_type": 11, "codename": "change_category"}}, {"model": "auth.permission", "pk": 43, "fields": {"name": "Can delete category", "content_type": 11, "codename": "delete_category"}}, {"model": "auth.permission", "pk": 44, "fields": {"name": "Can view category", "content_type": 11, "codename": "view_category"}}, {"model": "auth.permission", "pk": 45, "fields": {"name": "Can add reset pass info", "content_type": 12, "codename": "add_resetpassinfo"}}, {"model": "auth.permission", "pk": 46, "fields": {"name": "Can change reset pass info", "content_type": 12, "codename": "change_resetpassinfo"}}, {"model": "auth.permission", "pk": 47, "fields": {"name": "Can delete reset pass info", "content_type": 12, "codename": "delete_resetpassinfo"}}, {"model": "auth.permission", "pk": 48, "fields": {"name": "Can view reset pass info", "content_type": 12, "codename": "view_resetpassinfo"}}, {"model": "auth.permission", "pk": 49, "fields": {"name": "Can add favorite game", "content_type": 13, "codename": "add_favoritegame"}}, {"model": "auth.permission", "pk": 50, "fields": {"name": "Can change favorite game", "content_type": 13, "codename": "change_favoritegame"}}, {"model": "auth.permission", "pk": 51, "fields": {"name": "Can delete favorite game", "content_type": 13, "codename": "delete_favoritegame"}}, {"model": "auth.permission", "pk": 52, "fields": {"name": "Can view favorite game", "content_type": 13, "codename": "view_favoritegame"}}, {"model": "auth.permission", "pk": 53, "fields": {"name": "Can add comment", "content_type": 14, "codename": "add_comment"}}, {"model": "auth.permission", "pk": 54, "fields": {"name": "Can change comment", "content_type": 14, "codename": "change_comment"}}, {"model": "auth.permission", "pk": 55, "fields": {"name": "Can delete comment", "content_type": 14, "codename": "delete_comment"}}, {"model": "auth.permission", "pk": 56, "fields": {"name": "Can view comment", "content_type": 14, "codename": "view_comment"}}, {"model": "auth.permission", "pk": 57, "fields": {"name": "Can add contact", "content_type": 15, "codename": "add_contact"}}, {"model": "auth.permission", "pk": 58, "fields": {"name": "Can change contact", "content_type": 15, "codename": "change_contact"}}, {"model": "auth.permission", "pk": 59, "fields": {"name": "Can delete contact", "content_type": 15, "codename": "delete_contact"}}, {"model": "auth.permission", "pk": 60, "fields": {"name": "Can view contact", "content_type": 15, "codename": "view_contact"}}, {"model": "auth.permission", "pk": 61, "fields": {"name": "Can add contact", "content_type": 16, "codename": "add_contact"}}, {"model": "auth.permission", "pk": 62, "fields": {"name": "Can change contact", "content_type": 16, "codename": "change_contact"}}, {"model": "auth.permission", "pk": 63, "fields": {"name": "Can delete contact", "content_type": 16, "codename": "delete_contact"}}, {"model": "auth.permission", "pk": 64, "fields": {"name": "Can view contact", "content_type": 16, "codename": "view_contact"}}, {"model": "auth.permission", "pk": 65, "fields": {"name": "Can add contact", "content_type": 17, "codename": "add_contact"}}, {"model": "auth.permission", "pk": 66, "fields": {"name": "Can change contact", "content_type": 17, "codename": "change_contact"}}, {"model": "auth.permission", "pk": 67, "fields": {"name": "Can delete contact", "content_type": 17, "codename": "delete_contact"}}, {"model": "auth.permission", "pk": 68, "fields": {"name": "Can view contact", "content_type": 17, "codename": "view_contact"}}, {"model": "auth.permission", "pk": 69, "fields": {"name": "Can add favorite game", "content_type": 18, "codename": "add_favoritegame"}}, {"model": "auth.permission", "pk": 70, "fields": {"name": "Can change favorite game", "content_type": 18, "codename": "change_favoritegame"}}, {"model": "auth.permission", "pk": 71, "fields": {"name": "Can delete favorite game", "content_type": 18, "codename": "delete_favoritegame"}}, {"model": "auth.permission", "pk": 72, "fields": {"name": "Can view favorite game", "content_type": 18, "codename": "view_favoritegame"}}, {"model": "auth.permission", "pk": 73, "fields": {"name": "Can add comment", "content_type": 19, "codename": "add_comment"}}, {"model": "auth.permission", "pk": 74, "fields": {"name": "Can change comment", "content_type": 19, "codename": "change_comment"}}, {"model": "auth.permission", "pk": 75, "fields": {"name": "Can delete comment", "content_type": 19, "codename": "delete_comment"}}, {"model": "auth.permission", "pk": 76, "fields": {"name": "Can view comment", "content_type": 19, "codename": "view_comment"}}, {"model": "auth.permission", "pk": 77, "fields": {"name": "Can add user library", "content_type": 20, "codename": "add_userlibrary"}}, {"model": "auth.permission", "pk": 78, "fields": {"name": "Can change user library", "content_type": 20, "codename": "change_userlibrary"}}, {"model": "auth.permission", "pk": 79, "fields": {"name": "Can delete user library", "content_type": 20, "codename": "delete_userlibrary"}}, {"model": "auth.permission", "pk": 80, "fields": {"name": "Can view user library", "content_type": 20, "codename": "view_userlibrary"}}, {"model": "auth.permission", "pk": 81, "fields": {"name": "Can add platformer", "content_type": 21, "codename": "add_platformer"}}, {"model": "auth.permission", "pk": 82, "fields": {"name": "Can change platformer", "content_type": 21, "codename": "change_platformer"}}, {"model": "auth.permission", "pk": 83, "fields": {"name": "Can delete platformer", "content_type": 21, "codename": "delete_platformer"}}, {"model": "auth.permission", "pk": 84, "fields": {"name": "Can view platformer", "content_type": 21, "codename": "view_platformer"}}, {"model": "auth.permission", "pk": 85, "fields": {"name": "Can add genre", "content_type": 22, "codename": "add_genre"}}, {"model": "auth.permission", "pk": 86, "fields": {"name": "Can change genre", "content_type": 22, "codename": "change_genre"}}, {"model": "auth.permission", "pk": 87, "fields": {"name": "Can delete genre", "content_type": 22, "codename": "delete_genre"}}, {"model": "auth.permission", "pk": 88, "fields": {"name": "Can view genre", "content_type": 22, "codename": "view_genre"}}, {"model": "auth.user", "pk": 1, "fields": {"password": "pbkdf2_sha256$320000$pxbcY8jqgGnODGgMEdkr8U$ByAZURALlP2dX3F8zmEnbOugRmTBQ/DUVNTrwr6kuK0=", "last_login": "2022-06-07T10:39:45.481Z", "is_superuser": true, "username": "deneme", "first_name": "deneme2", "last_name": "deneme33", "email": "deneme5@gmail.com", "is_staff": true, "is_active": true, "date_joined": "2022-03-21T15:22:29.268Z", "groups": [], "user_permissions": []}}, {"model": "auth.user", "pk": 7, "fields": {"password": "pbkdf2_sha256$320000$iD03ZYVcAF9DZI3VBPKqZU$kfbxoc50M7nHcOaXjA791tGjxOKMJqRWbHpdQ+P3QVA=", "last_login": "2023-01-29T17:13:52.769Z", "is_superuser": true, "username": "sa", "first_name": "sa", "last_name": "as", "email": "as@gmail.com", "is_staff": true, "is_active": true, "date_joined": "2022-06-05T13:57:21Z", "groups": [], "user_permissions": [1, 2, 3, 4, 9, 10, 11, 12, 5, 6, 7, 8, 13, 14, 15, 16, 17, 18, 19, 20, 41, 42, 43, 44, 25, 26, 27, 28, 29, 30, 31, 32, 37, 38, 39, 40, 33, 34, 35, 36, 57, 58, 59, 60, 21, 22, 23, 24, 53, 54, 55, 56, 61, 62, 63, 64, 49, 50, 51, 52, 45, 46, 47, 48]}}, {"model": "auth.user", "pk": 8, "fields": {"password": "pbkdf2_sha256$390000$Cv9Baz6hlQ61IRzfaQsiQr$P/ZLXaQ/GSL8rj5PNYRoJwRsrHf762ztedVJccNf+mA=", "last_login": "2023-03-16T06:39:57.791Z", "is_superuser": true, "username": "kenan", "first_name": "Kenan", "last_name": "EGE", "email": "kenanegee@gmail.com", "is_staff": true, "is_active": true, "date_joined": "2022-06-05T16:38:19Z", "groups": [], "user_permissions": []}}, {"model": "auth.user", "pk": 10, "fields": {"password": "pbkdf2_sha256$320000$02r60v6eQTq4EOk8nAi0Dq$FqAP5d95LwSqARtyOt7wN0Ha9V/COhElbFEVlxHeAqU=", "last_login": "2023-01-15T09:21:03.192Z", "is_superuser": false, "username": "kenan2", "first_name": "Kenan", "last_name": "Ege", "email": "kenanegfdee@gmail.com", "is_staff": false, "is_active": true, "date_joined": "2023-01-10T11:35:17.273Z", "groups": [], "user_permissions": []}}, {"model": "auth.user", "pk": 11, "fields": {"password": "pbkdf2_sha256$320000$2YW6RKEqFURmNYoSKkoP53$aVJlWsL5YRHeXD9u0+RgsO/ma+w9qQBMwdiqS3c0Tk0=", "last_login": "2023-01-12T20:29:59.391Z", "is_superuser": false, "username": "baris", "first_name": "Barış", "last_name": "Bali", "email": "b@b.com", "is_staff": false, "is_active": true, "date_joined": "2023-01-12T20:29:54.037Z", "groups": [], "user_permissions": []}}, {"model": "auth.user", "pk": 12, "fields": {"password": "pbkdf2_sha256$320000$RZ55sf6B3aTXrAOdFsD7Bu$GdwylujO//hiwFFTpM2cyEltexSNykWGZA1w+XufRlw=", "last_login": "2023-01-13T14:51:46.253Z", "is_superuser": false, "username": "ege", "first_name": "ege", "last_name": "ege", "email": "ege@df.b", "is_staff": false, "is_active": true, "date_joined": "2023-01-13T14:51:42.688Z", "groups": [], "user_permissions": []}}, {"model": "auth.user", "pk": 13, "fields": {"password": "pbkdf2_sha256$320000$wOmAYkIdxzZmE1pgBlFJeA$RF5QYP/SY3PebUJ7702ZLKhCeMjdhJcdZO9iU0mJQ50=", "last_login": "2023-01-15T09:34:19.343Z", "is_superuser": false, "username": "deneme3", "first_name": "deneme3", "last_name": "deneme3", "email": "d@d.com", "is_staff": false, "is_active": true, "date_joined": "2023-01-15T09:34:05.369Z", "groups": [], "user_permissions": []}}, {"model": "auth.user", "pk": 14, "fields": {"password": "pbkdf2_sha256$320000$qMov21kQu1a4FEt7HAZ8Uw$uoaNmTjvPl2dXyRIAFhCxDBj5/hAtKFssVCCzQ7Yq5Q=", "last_login": "2023-01-29T18:16:43.291Z", "is_superuser": false, "username": "dene", "first_name": "dene", "last_name": "dene", "email": "def@dsf.com", "is_staff": false, "is_active": true, "date_joined": "2023-01-29T17:43:18.916Z", "groups": [], "user_permissions": []}}, {"model": "contenttypes.contenttype", "pk": 1, "fields": {"app_label": "admin", "model": "logentry"}}, {"model": "contenttypes.contenttype", "pk": 2, "fields": {"app_label": "auth", "model": "permission"}}, {"model": "contenttypes.contenttype", "pk": 3, "fields": {"app_label": "auth", "model": "group"}}, {"model": "contenttypes.contenttype", "pk": 4, "fields": {"app_label": "auth", "model": "user"}}, {"model": "contenttypes.contenttype", "pk": 5, "fields": {"app_label": "contenttypes", "model": "contenttype"}}, {"model": "contenttypes.contenttype", "pk": 6, "fields": {"app_label": "sessions", "model": "session"}}, {"model": "contenttypes.contenttype", "pk": 7, "fields": {"app_label": "game", "model": "developer"}}, {"model": "contenttypes.contenttype", "pk": 8, "fields": {"app_label": "game", "model": "game"}}, {"model": "contenttypes.contenttype", "pk": 9, "fields": {"app_label": "game", "model": "publisher"}}, {"model": "contenttypes.contenttype", "pk": 10, "fields": {"app_label": "game", "model": "platform"}}, {"model": "contenttypes.contenttype", "pk": 11, "fields": {"app_label": "game", "model": "category"}}, {"model": "contenttypes.contenttype", "pk": 12, "fields": {"app_label": "user", "model": "resetpassinfo"}}, {"model": "contenttypes.contenttype", "pk": 13, "fields": {"app_label": "user", "model": "favoritegame"}}, {"model": "contenttypes.contenttype", "pk": 14, "fields": {"app_label": "user", "model": "comment"}}, {"model": "contenttypes.contenttype", "pk": 15, "fields": {"app_label": "main", "model": "contact"}}, {"model": "contenttypes.contenttype", "pk": 16, "fields": {"app_label": "user", "model": "contact"}}, {"model": "contenttypes.contenttype", "pk": 17, "fields": {"app_label": "accounts", "model": "contact"}}, {"model": "contenttypes.contenttype", "pk": 18, "fields": {"app_label": "accounts", "model": "favoritegame"}}, {"model": "contenttypes.contenttype", "pk": 19, "fields": {"app_label": "accounts", "model": "comment"}}, {"model": "contenttypes.contenttype", "pk": 20, "fields": {"app_label": "accounts", "model": "userlibrary"}}, {"model": "contenttypes.contenttype", "pk": 21, "fields": {"app_label": "game", "model": "platformer"}}, {"model": "contenttypes.contenttype", "pk": 22, "fields": {"app_label": "game", "model": "genre"}}, {"model": "sessions.session", "pk": "0m4qbjvfjc9cj6o7jvlrcj9irygpvl49", "fields": {"session_data": ".eJxVjEEOwiAQRe_C2hAoMAWX7j0DmYFBqoYmpV0Z765NutDtf-_9l4i4rTVunZc4ZXEWXpx-N8L04LaDfMd2m2Wa27pMJHdFHrTL65z5eTncv4OKvX5rxxp9JuM5GAY0YIoJQY0um8EWCypRCUSovB4Vq6EUx5DAanYeEKx4fwDlCzez:1pHPC8:3aluFXwS2WcL6A8GNaTVMPG2D8SOPbnaHL8hp-NaS6Y", "expire_date": "2023-01-30T13:06:36.526Z"}}, {"model": "sessions.session", "pk": "0skprixi5i99p4k2hmpz6hslu7gr2cbg", "fields": {"session_data": ".eJxVjEEOwiAQRe_C2hAoMAWX7j0DmYFBqoYmpV0Z765NutDtf-_9l4i4rTVunZc4ZXEWXpx-N8L04LaDfMd2m2Wa27pMJHdFHrTL65z5eTncv4OKvX5rxxp9JuM5GAY0YIoJQY0um8EWCypRCUSovB4Vq6EUx5DAanYeEKx4fwDlCzez:1pIYSh:iUur9FrWTvio7odTblHo0tYp6EP7cSqgOJjWzyFa2b8", "expire_date": "2023-02-02T17:12:27.196Z"}}, {"model": "sessions.session", "pk": "5a76nxo2fiq43o8s0zedh50z7h8gvctg", "fields": {"session_data": ".eJxVjEEOwiAQRe_C2pAO0AFcuvcMzQwMtmpoUtqV8e7apAvd_vfef6mBtnUctibLMGV1VmDV6XdkSg-pO8l3qrdZp7muy8R6V_RBm77OWZ6Xw_07GKmN3zpGVwxmImGGEjpEx8HbLrD0YKynxBISx45ziWRCQWehAPboLYL06v0BFis4Dw:1pGzP9:soi7QupjAE0Ya-6cKcgxjw1xfIlH4FcPj3xyGnT_H-8", "expire_date": "2023-01-29T09:34:19.346Z"}}, {"model": "sessions.session", "pk": "afagjf3ujvs13ix5vu2zvoifue0kk58b", "fields": {"session_data": ".eJxVjDsOwjAQBe_iGln2Bn-Wkp4zWGvvCgeQI8VJhbg7iZQC2jcz760SrUtNa5c5jawuyqrT75apPKXtgB_U7pMuU1vmMetd0Qft-jaxvK6H-3dQqdetdnEAyzEggXexQEBj2BKid54kb0AkE3FhgyRGYgl-AONDBM5wRvX5AssmN4Y:1nxrop:fvIbIuBwhZXOaabERxB6SUJ3U3O2DNkkDrdmK29SaAI", "expire_date": "2022-06-19T15:05:31.016Z"}}, {"model": "sessions.session", "pk": "b9676vewy3wwjgmxc6ky14j5diyzwr4g", "fields": {"session_data": ".eJxVjMEOwiAQRP-FsyHbBSl69N5vILALUjWQlPZk_Hdp0oMeZ96beQvntzW7rcXFzSyuworTbxc8PWPZAT98uVdJtazLHOSuyIM2OVWOr9vh_h1k33JfAweKSAYuihEGAD1YZRhH9JrPHIESakpaY-CgEvesbDTdAoWWRvH5AuFBN7Y:1ot43W:WYhrXDeqn5IZhUsdSujJIONELTf7WukBMFwTqzLh0tg", "expire_date": "2022-11-24T09:41:06.877Z"}}, {"model": "sessions.session", "pk": "cht4j9lf8b9t71udp0ccxacmv4sli78c", "fields": {"session_data": ".eJxVjEEOwiAQAP_C2ZCFLrR49N43kIWlUjWQlPZk_Lsh6UGvM5N5C0_Hnv3R0uZXFlcxicsvCxSfqXTBDyr3KmMt-7YG2RN52ibnyul1O9u_QaaW-xbAIE6GNIyOtRrQpRidY8XIkFy0FkatAjEwJ1BoF0OMAzsb7KK0-HwBwvU3bw:1nyWdz:FC-YyCmiBk2t5V0qHpBB1igcBr7wLMyQOIFk63CIUOU", "expire_date": "2022-06-21T10:41:03.198Z"}}, {"model": "sessions.session", "pk": "cpyd6nm8fptofuouir23x1wcs8dtzssf", "fields": {"session_data": ".eJxVjEEOwiAQRe_C2hAoMAWX7j0DmYFBqoYmpV0Z765NutDtf-_9l4i4rTVunZc4ZXEWXpx-N8L04LaDfMd2m2Wa27pMJHdFHrTL65z5eTncv4OKvX5rxxp9JuM5GAY0YIoJQY0um8EWCypRCUSovB4Vq6EUx5DAanYeEKx4fwDlCzez:1pFsqZ:7uOq2ndjD9S1Ur87hyWGgc_NvWExcQtaUY8z-ClfvD4", "expire_date": "2023-01-26T08:22:03.881Z"}}, {"model": "sessions.session", "pk": "d8r4yf1dhoxizbk33g8i6vpi1s3d3xyg", "fields": {"session_data": ".eJxVjEEOwiAQRe_C2hAoMAWX7j0DmYFBqoYmpV0Z765NutDtf-_9l4i4rTVunZc4ZXEWXpx-N8L04LaDfMd2m2Wa27pMJHdFHrTL65z5eTncv4OKvX5rxxp9JuM5GAY0YIoJQY0um8EWCypRCUSovB4Vq6EUx5DAanYeEKx4fwDlCzez:1pFizg:grcIeTLj-cxxUfGHRSQrEqWlDDFztxSF8YSHBc1N080", "expire_date": "2023-01-25T21:50:48.813Z"}}, {"model": "sessions.session", "pk": "egq38nas3qz0r5nl45mj7zb1y71f1ra3", "fields": {"session_data": ".eJxVjEEOwiAQRe_C2hAoMAWX7j0DmYFBqoYmpV0Z765NutDtf-_9l4i4rTVunZc4ZXEWXpx-N8L04LaDfMd2m2Wa27pMJHdFHrTL65z5eTncv4OKvX5rxxp9JuM5GAY0YIoJQY0um8EWCypRCUSovB4Vq6EUx5DAanYeEKx4fwDlCzez:1pHlOw:OstKEgL7c5PjDbXkbNE8zorviH0ZKNyl7blbGpX9Rsw", "expire_date": "2023-01-31T12:49:18.483Z"}}, {"model": "sessions.session", "pk": "f3hffs0d5d48cc1224vb41ehk7jb51k8", "fields": {"session_data": ".eJxVjDsOwjAQBe_iGlmb-LM2JT1nsNbrDQkgR4qTCnF3iJQC2jcz76USbeuYtiZLmoo6K1Sn3y0TP6TuoNyp3mbNc12XKetd0Qdt-joXeV4O9-9gpDZ-62gBMDCajgY2xkdE5ADiAvauz85Dx74EtoAmSiYPLDIES673nbeDen8Att429w:1nxqzM:H6SoiF_uU9KDQp3Fa0b0Md6ytpfzxALd--HlpxG3FNA", "expire_date": "2022-06-19T14:12:20.605Z"}}, {"model": "sessions.session", "pk": "horb8hgw0nuernay5a5p709v072fnq9y", "fields": {"session_data": ".eJxVjEEOwiAQRe_C2hAoMAWX7j0DmYFBqoYmpV0Z765NutDtf-_9l4i4rTVunZc4ZXEWXpx-N8L04LaDfMd2m2Wa27pMJHdFHrTL65z5eTncv4OKvX5rxxp9JuM5GAY0YIoJQY0um8EWCypRCUSovB4Vq6EUx5DAanYeEKx4fwDlCzez:1pFCmi:15M4UC0lCEbMt8fThOuiGBIqio81N_UYRd042yFDmL0", "expire_date": "2023-01-24T11:27:16.918Z"}}, {"model": "sessions.session", "pk": "mnsqtdv4lliwcgw3hz5owwq8rclgn0j0", "fields": {"session_data": ".eJxVjDsOwjAQBe_iGln2Bn-Wkp4zWGvvCgeQI8VJhbg7iZQC2jcz760SrUtNa5c5jawuyqrT75apPKXtgB_U7pMuU1vmMetd0Qft-jaxvK6H-3dQqdetdnEAyzEggXexQEBj2BKid54kb0AkE3FhgyRGYgl-AONDBM5wRvX5AssmN4Y:1njLAQ:Onz2O94fymSEGXXja5koxAall2nsrdzTO3YmpWbrz0g", "expire_date": "2022-05-10T13:23:46.218Z"}}, {"model": "sessions.session", "pk": "o1pa9u6lhkqrfmd3el2ka8iw84fahalu", "fields": {"session_data": ".eJxVjDsOwjAQBe_iGln2Bn-Wkp4zWGvvCgeQI8VJhbg7iZQC2jcz760SrUtNa5c5jawuyqrT75apPKXtgB_U7pMuU1vmMetd0Qft-jaxvK6H-3dQqdetdnEAyzEggXexQEBj2BKid54kb0AkE3FhgyRGYgl-AONDBM5wRvX5AssmN4Y:1nWJrj:YOHFB2hATCXPDt7bbcsdiNspaOLasfeyW3t_RTCErTQ", "expire_date": "2022-04-04T15:22:39.298Z"}}, {"model": "sessions.session", "pk": "ogo198ykv23oge4fwbr5zt71xkr9cyqt", "fields": {"session_data": ".eJxVjEEOwiAQRe_C2hBop8zg0r1nIDCAVA1NSrsy3l1JutDte-__l3B-34rbW1rdHMVZoDj9suD5kWoX8e7rbZG81G2dg-yJPGyT1yWm5-Vo_w6Kb6Wvc544ERsTAA0BoCUwMdNkvQI9kFLB6pE0A6o4fBFHTTgyQ8KMSbw_0nI3Lw:1pEpPu:JeiPBztjJd9td90jTSFFq_n1IqjmzwQ9XIBsANOaO9M", "expire_date": "2023-01-23T10:30:10.640Z"}}, {"model": "sessions.session", "pk": "qgij6c6cb7cx2e0g01ght44x8tmfs2ps", "fields": {"session_data": ".eJxVjDFuwzAMRe-iuTVkU6bFjt17BoEUqTptYBWWggxF7h4HyJL1v_f-v0t_3Nq17pp2a9ZTr7-2uQ8naz9f6T0Ak2lG8JkyspCO5iNOvAgsgdS9ucSXvqZLsz2d9Cjj6yacj8cH0B_evuuQ69b3kwwPZXjSNnxVtfPn0305WLmtRz3byFEFohEYMiAUIPLLrDCFEtBnKSTCPo6LNz-VMhtmDKPNERmDu90BL2NM8g:1pFFLz:4JjkLksnwNprhRYF4adua-3jFy_B15lnHwwPF7Am_GQ", "expire_date": "2023-01-24T14:11:51.211Z"}}, {"model": "sessions.session", "pk": "qiz22kwo5lzwjgnw0mwghqtogw5owpng", "fields": {"session_data": ".eJxVjEEOwiAQRe_C2hAoMAWX7j0DmYFBqoYmpV0Z765NutDtf-_9l4i4rTVunZc4ZXEWXpx-N8L04LaDfMd2m2Wa27pMJHdFHrTL65z5eTncv4OKvX5rxxp9JuM5GAY0YIoJQY0um8EWCypRCUSovB4Vq6EUx5DAanYeEKx4fwDlCzez:1pFJQf:qTKz1xMkaosFF-7OkNEIC33SP4NPejw8Qh7FqX0zzZQ", "expire_date": "2023-01-24T18:32:57.529Z"}}, {"model": "sessions.session", "pk": "qw9miimrf68rgjk36nuuafi5cpf4rsap", "fields": {"session_data": ".eJxVjDsOwjAQBe_iGlmb-LM2JT1nsNbrDQkgR4qTCnF3iJQC2jcz76USbeuYtiZLmoo6K1Sn3y0TP6TuoNyp3mbNc12XKetd0Qdt-joXeV4O9-9gpDZ-62gBMDCajgY2xkdE5ADiAvauz85Dx74EtoAmSiYPLDIES673nbeDen8Att429w:1nyKCQ:Q9WsUFwoUXb8HeutP8YsmW1jLU-UfE4Q0UwnmjbvyHc", "expire_date": "2022-06-20T21:23:46.106Z"}}, {"model": "sessions.session", "pk": "to7vwsn0y8yjsff1e5fky613f68rlcmv", "fields": {"session_data": ".eJxVjEEOwiAQRe_C2hAoMAWX7j0DmYFBqoYmpV0Z765NutDtf-_9l4i4rTVunZc4ZXEWXpx-N8L04LaDfMd2m2Wa27pMJHdFHrTL65z5eTncv4OKvX5rxxp9JuM5GAY0YIoJQY0um8EWCypRCUSovB4Vq6EUx5DAanYeEKx4fwDlCzez:1pFCcU:U5rEDqGcSdYLvq6L6-r1qXNsE7Bs93agKnl2W6fgs6A", "expire_date": "2023-01-24T11:16:42.499Z"}}, {"model": "sessions.session", "pk": "ugexzj8cr7vrchn0lym20ggz6ex9ms4x", "fields": {"session_data": ".eJxVjEEOwiAQRe_C2hBop8zg0r1nIDCAVA1NSrsy3l1JutDte-__l3B-34rbW1rdHMVZoDj9suD5kWoX8e7rbZG81G2dg-yJPGyT1yWm5-Vo_w6Kb6Wvc544ERsTAA0BoCUwMdNkvQI9kFLB6pE0A6o4fBFHTTgyQ8KMSbw_0nI3Lw:1pGMHg:nrmLEa6k7QHgNGrWIuSPI_g_4AnB6dG7Aw85WnYgRJo", "expire_date": "2023-01-27T15:48:00.956Z"}}, {"model": "sessions.session", "pk": "xe2tql9939ek3oslkz4szoyhis1hrk8t", "fields": {"session_data": ".eJxVjDsOwjAQBe_iGln2Bn-Wkp4zWGvvCgeQI8VJhbg7iZQC2jcz760SrUtNa5c5jawuyqrT75apPKXtgB_U7pMuU1vmMetd0Qft-jaxvK6H-3dQqdetdnEAyzEggXexQEBj2BKid54kb0AkE3FhgyRGYgl-AONDBM5wRvX5AssmN4Y:1nj4SK:Y48To_pIminwv_27__uXi3R1uhRQJrkk4eIPBL2V3bs", "expire_date": "2022-05-09T19:33:08.706Z"}}, {"model": "sessions.session", "pk": "xkis6e4hbs8c5dcv4f5y1j5p9sk9nxt4", "fields": {"session_data": ".eJxVjEEOwiAQRe_C2hAoMAWX7j0DmYFBqoYmpV0Z765NutDtf-_9l4i4rTVunZc4ZXEWXpx-N8L04LaDfMd2m2Wa27pMJHdFHrTL65z5eTncv4OKvX5rxxp9JuM5GAY0YIoJQY0um8EWCypRCUSovB4Vq6EUx5DAanYeEKx4fwDlCzez:1pHNxX:6dP33dgZfxSQTQkarHWB2qj1zhR5-rlLIAU5htY3cvg", "expire_date": "2023-01-30T11:47:27.648Z"}}, {"model": "sessions.session", "pk": "z5wkdakmfn8jbazirpgwqtz6a0t8o2sk", "fields": {"session_data": ".eJxVjDsOwjAQBe_iGlkbf3YdSnrOYK3tNQmgRIqTCnF3iJQC2jcz76Uib-sQtyZLHIs6q86p0--YOD9k2km583SbdZ6ndRmT3hV90Kavc5Hn5XD_DgZuw7c2ZAJx53wQNhl7nx1UMtb2DqFWACD0RQhd6DsylQA9F2NZEgoEq94f0MI2vw:1pMCEN:nHAJe08aZmY3EYblq_fB-z_WRNejyrEPj_qMw3INAuU", "expire_date": "2023-02-12T18:16:43.297Z"}}, {"model": "accounts.favoritegame", "pk": 33, "fields": {"game": 4, "user": 8}}, {"model": "accounts.favoritegame", "pk": 34, "fields": {"game": 53, "user": 8}}, {"model": "accounts.favoritegame", "pk": 35, "fields": {"game": 11, "user": 8}}, {"model": "accounts.favoritegame", "pk": 36, "fields": {"game": 55, "user": 8}}, {"model": "accounts.userlibrary", "pk": 23, "fields": {"game": 53, "user": 8}}, {"model": "accounts.userlibrary", "pk": 24, "fields": {"game": 55, "user": 8}}, {"model": "accounts.userlibrary", "pk": 25, "fields": {"game": 28, "user": 8}}, {"model": "accounts.comment", "pk": 1, "fields": {"user": 7, "game": 11, "comment": "ertret", "rating": 3, "created_date": "2023-01-09T13:29:14.685Z"}}, {"model": "accounts.comment", "pk": 2, "fields": {"user": 7, "game": 51, "comment": "nice game", "rating": 4, "created_date": "2023-01-09T19:50:20.797Z"}}, {"model": "accounts.comment", "pk": 3, "fields": {"user": 7, "game": 1, "comment": "deneme comment", "rating": 5, "created_date": "2023-01-09T22:30:10.058Z"}}, {"model": "accounts.comment", "pk": 4, "fields": {"user": 7, "game": 4, "comment": "Cyberug but good", "rating": 5, "created_date": "2023-01-10T10:36:14.424Z"}}, {"model": "accounts.comment", "pk": 7, "fields": {"user": 8, "game": 36, "comment": "nice", "rating": 4, "created_date": "2023-01-10T13:25:10.501Z"}}, {"model": "accounts.comment", "pk": 8, "fields": {"user": 8, "game": 4, "comment": "leleleyley", "rating": 4, "created_date": "2023-01-10T17:55:01.931Z"}}, {"model": "accounts.comment", "pk": 9, "fields": {"user": 8, "game": 43, "comment": "far kıray", "rating": 3, "created_date": "2023-01-10T19:16:15.673Z"}}, {"model": "accounts.comment", "pk": 10, "fields": {"user": 7, "game": 43, "comment": "kıray far", "rating": 5, "created_date": "2023-01-10T19:16:56.178Z"}}, {"model": "accounts.comment", "pk": 12, "fields": {"user": 8, "game": 11, "comment": "güzel", "rating": 5, "created_date": "2023-01-12T17:39:20.985Z"}}, {"model": "accounts.comment", "pk": 15, "fields": {"user": 8, "game": 51, "comment": "Jedi game", "rating": 4, "created_date": "2023-01-12T18:05:49.716Z"}}, {"model": "accounts.comment", "pk": 16, "fields": {"user": 8, "game": 53, "comment": "I find all the endings", "rating": 5, "created_date": "2023-01-12T18:09:19.930Z"}}, {"model": "accounts.comment", "pk": 17, "fields": {"user": 8, "game": 54, "comment": "quantic yapıyo bu işi", "rating": 5, "created_date": "2023-01-12T18:09:45.986Z"}}, {"model": "accounts.comment", "pk": 18, "fields": {"user": 8, "game": 3, "comment": "yess", "rating": 4, "created_date": "2023-01-12T18:49:46.546Z"}}, {"model": "accounts.comment", "pk": 19, "fields": {"user": 10, "game": 51, "comment": "deneme", "rating": 3, "created_date": "2023-01-12T19:16:27.824Z"}}, {"model": "accounts.comment", "pk": 20, "fields": {"user": 10, "game": 55, "comment": "deneme", "rating": 4, "created_date": "2023-01-12T19:17:23.741Z"}}, {"model": "accounts.comment", "pk": 21, "fields": {"user": 8, "game": 33, "comment": "Güzel oyun", "rating": 5, "created_date": "2023-01-12T19:39:49.178Z"}}, {"model": "accounts.comment", "pk": 22, "fields": {"user": 10, "game": 44, "comment": "onlinee", "rating": 5, "created_date": "2023-01-12T19:44:38.184Z"}}, {"model": "accounts.comment", "pk": 23, "fields": {"user": 10, "game": 40, "comment": "onlinee", "rating": 5, "created_date": "2023-01-12T19:45:06.986Z"}}, {"model": "accounts.comment", "pk": 24, "fields": {"user": 10, "game": 50, "comment": "online", "rating": 5, "created_date": "2023-01-12T19:45:37.081Z"}}, {"model": "accounts.comment", "pk": 25, "fields": {"user": 10, "game": 49, "comment": "çok buglu", "rating": 4, "created_date": "2023-01-12T20:13:31.923Z"}}, {"model": "accounts.comment", "pk": 26, "fields": {"user": 8, "game": 5, "comment": "leleleylely", "rating": 5, "created_date": "2023-01-12T20:27:48.894Z"}}, {"model": "accounts.comment", "pk": 27, "fields": {"user": 11, "game": 47, "comment": "za", "rating": 2, "created_date": "2023-01-12T20:30:40.368Z"}}, {"model": "accounts.comment", "pk": 28, "fields": {"user": 11, "game": 21, "comment": "remekeye gerek yok", "rating": 5, "created_date": "2023-01-12T20:31:03.338Z"}}, {"model": "accounts.comment", "pk": 29, "fields": {"user": 11, "game": 42, "comment": "onlinee", "rating": 5, "created_date": "2023-01-12T20:31:51.606Z"}}, {"model": "accounts.comment", "pk": 30, "fields": {"user": 11, "game": 36, "comment": "türkçee", "rating": 5, "created_date": "2023-01-12T20:32:30.660Z"}}, {"model": "accounts.comment", "pk": 31, "fields": {"user": 12, "game": 20, "comment": "dene", "rating": 4, "created_date": "2023-01-13T15:01:23.575Z"}}, {"model": "accounts.comment", "pk": 32, "fields": {"user": 12, "game": 57, "comment": "eh", "rating": 3, "created_date": "2023-01-13T15:02:02.800Z"}}, {"model": "accounts.comment", "pk": 33, "fields": {"user": 12, "game": 23, "comment": "sevmedim", "rating": 1, "created_date": "2023-01-13T15:02:38.473Z"}}, {"model": "accounts.comment", "pk": 34, "fields": {"user": 12, "game": 7, "comment": "deneme", "rating": 5, "created_date": "2023-01-13T15:04:14.609Z"}}, {"model": "accounts.comment", "pk": 35, "fields": {"user": 13, "game": 23, "comment": "gta", "rating": 5, "created_date": "2023-01-15T09:36:34.643Z"}}, {"model": "accounts.comment", "pk": 36, "fields": {"user": 13, "game": 6, "comment": "ewrwe", "rating": 5, "created_date": "2023-01-15T09:37:43.337Z"}}, {"model": "accounts.comment", "pk": 37, "fields": {"user": 13, "game": 31, "comment": "soluls like", "rating": 5, "created_date": "2023-01-15T09:39:17.954Z"}}, {"model": "accounts.comment", "pk": 38, "fields": {"user": 13, "game": 13, "comment": "sdfsd", "rating": 5, "created_date": "2023-01-15T09:39:46.813Z"}}, {"model": "accounts.comment", "pk": 39, "fields": {"user": 14, "game": 7, "comment": "horror", "rating": 5, "created_date": "2023-01-29T17:43:49.664Z"}}, {"model": "accounts.comment", "pk": 40, "fields": {"user": 14, "game": 5, "comment": "lelely", "rating": 5, "created_date": "2023-01-29T18:20:45.173Z"}}, {"model": "accounts.comment", "pk": 41, "fields": {"user": 14, "game": 24, "comment": "dfgd", "rating": 5, "created_date": "2023-01-29T18:23:30.403Z"}}, {"model": "accounts.comment", "pk": 42, "fields": {"user": 8, "game": 1, "comment": "boi", "rating": 5, "created_date": "2023-03-16T05:47:39.153Z"}}, {"model": "game.publisher", "pk": 1, "fields": {"name": "Playstation Studios", "address": "Japan", "is_active": true}}, {"model": "game.publisher", "pk": 2, "fields": {"name": "Rockstar Studios", "address": "USA", "is_active": true}}, {"model": "game.publisher", "pk": 3, "fields": {"name": "Techland", "address": "Poland", "is_active": true}}, {"model": "game.publisher", "pk": 4, "fields": {"name": "CD PROJEKT RED", "address": "Poland", "is_active": true}}, {"model": "game.publisher", "pk": 6, "fields": {"name": "Starbreeze Studios", "address": "Sweden", "is_active": true}}, {"model": "game.publisher", "pk": 7, "fields": {"name": "XBOX Game Studios", "address": "USA", "is_active": true}}, {"model": "game.publisher", "pk": 8, "fields": {"name": "Rocksteady Studios", "address": "UK", "is_active": true}}, {"model": "game.publisher", "pk": 9, "fields": {"name": "Warner Bros", "address": "UK", "is_active": true}}, {"model": "game.publisher", "pk": 11, "fields": {"name": "Supergiant Games", "address": "USA", "is_active": true}}, {"model": "game.publisher", "pk": 12, "fields": {"name": "Square Enix", "address": "Japan", "is_active": true}}, {"model": "game.publisher", "pk": 13, "fields": {"name": "Sony Computer Entertainment, Inc. (SCEI)", "address": "Japan", "is_active": true}}, {"model": "game.publisher", "pk": 14, "fields": {"name": "Activision", "address": "USA", "is_active": true}}, {"model": "game.publisher", "pk": 15, "fields": {"name": "2K Games", "address": "USA", "is_active": true}}, {"model": "game.publisher", "pk": 16, "fields": {"name": "Take-Two Interactive", "address": "USA", "is_active": true}}, {"model": "game.publisher", "pk": 17, "fields": {"name": "Bandai Namco Entertainment", "address": "Japan", "is_active": true}}, {"model": "game.publisher", "pk": 18, "fields": {"name": "Ubisoft", "address": "France", "is_active": true}}, {"model": "game.publisher", "pk": 19, "fields": {"name": "Electronic Arts", "address": "USA", "is_active": true}}, {"model": "game.publisher", "pk": 20, "fields": {"name": "CI Games", "address": "Poland", "is_active": true}}, {"model": "game.publisher", "pk": 21, "fields": {"name": "BioWare", "address": "Canada", "is_active": true}}, {"model": "game.publisher", "pk": 22, "fields": {"name": "Larian Studios", "address": "Belgium", "is_active": true}}, {"model": "game.publisher", "pk": 23, "fields": {"name": "Warner Bros. Interactive Entertainment", "address": "USA", "is_active": true}}, {"model": "game.publisher", "pk": 24, "fields": {"name": "THQ Nordic", "address": "Austria", "is_active": true}}, {"model": "game.publisher", "pk": 25, "fields": {"name": "505 Games", "address": "USA", "is_active": true}}, {"model": "game.publisher", "pk": 26, "fields": {"name": "Private Division", "address": "USA", "is_active": true}}, {"model": "game.publisher", "pk": 27, "fields": {"name": "Deep Silver", "address": "Germany", "is_active": true}}, {"model": "game.publisher", "pk": 28, "fields": {"name": "Nadeo", "address": "FR", "is_active": true}}, {"model": "game.publisher", "pk": 29, "fields": {"name": "EA", "address": "US", "is_active": true}}, {"model": "game.developer", "pk": 1, "fields": {"name": "Santa Monica Studios", "ownedby": 1, "address": "USA", "is_active": true}}, {"model": "game.developer", "pk": 2, "fields": {"name": "Rockstar Games", "ownedby": 2, "address": "USA", "is_active": true}}, {"model": "game.developer", "pk": 3, "fields": {"name": "Techland", "ownedby": 3, "address": "Poland", "is_active": true}}, {"model": "game.developer", "pk": 5, "fields": {"name": "CD PROJEKT RED", "ownedby": 4, "address": "Poland", "is_active": true}}, {"model": "game.developer", "pk": 6, "fields": {"name": "Behaviour Interactive", "ownedby": null, "address": "Canada", "is_active": true}}, {"model": "game.developer", "pk": 7, "fields": {"name": "The Coalition", "ownedby": 7, "address": "Canada", "is_active": true}}, {"model": "game.developer", "pk": 8, "fields": {"name": "Rocksteady Studios", "ownedby": 9, "address": "UK", "is_active": true}}, {"model": "game.developer", "pk": 9, "fields": {"name": "Naughty Dog", "ownedby": 13, "address": "USA", "is_active": true}}, {"model": "game.developer", "pk": 10, "fields": {"name": "Square", "ownedby": 12, "address": "Japan", "is_active": true}}, {"model": "game.developer", "pk": 11, "fields": {"name": "FromSoftware", "ownedby": 13, "address": "Japan", "is_active": true}}, {"model": "game.developer", "pk": 12, "fields": {"name": "Supergiant Games", "ownedby": 11, "address": "USA", "is_active": true}}, {"model": "game.developer", "pk": 13, "fields": {"name": "Platinum Games", "ownedby": 12, "address": "Japan", "is_active": true}}, {"model": "game.developer", "pk": 14, "fields": {"name": "Guerrilla Games", "ownedby": 1, "address": "Netherlands", "is_active": true}}, {"model": "game.developer", "pk": 15, "fields": {"name": "Irrational Games", "ownedby": 15, "address": "USA", "is_active": true}}, {"model": "game.developer", "pk": 16, "fields": {"name": "Airtight Games", "ownedby": 12, "address": "USA", "is_active": true}}, {"model": "game.developer", "pk": 17, "fields": {"name": "Remedy Entertainment", "ownedby": 2, "address": "Finland", "is_active": true}}, {"model": "game.developer", "pk": 18, "fields": {"name": "Illusion Softworks", "ownedby": 16, "address": "Czech Republic", "is_active": true}}, {"model": "game.developer", "pk": 19, "fields": {"name": "Ubisoft Montreal", "ownedby": 18, "address": "Canada", "is_active": true}}, {"model": "game.developer", "pk": 20, "fields": {"name": "Crytek", "ownedby": 19, "address": "Germany", "is_active": true}}, {"model": "game.developer", "pk": 21, "fields": {"name": "CI Games", "ownedby": 20, "address": "Poland", "is_active": true}}, {"model": "game.developer", "pk": 22, "fields": {"name": "BioWare Montreal", "ownedby": 21, "address": "Canada", "is_active": true}}, {"model": "game.developer", "pk": 23, "fields": {"name": "Kojima Productions", "ownedby": 13, "address": "Japan", "is_active": true}}, {"model": "game.developer", "pk": 24, "fields": {"name": "Massive Entertainment", "ownedby": 18, "address": "Sweden", "is_active": true}}, {"model": "game.developer", "pk": 25, "fields": {"name": "Larian Studios", "ownedby": 22, "address": "Belgium", "is_active": true}}, {"model": "game.developer", "pk": 26, "fields": {"name": "Respawn Entertainment", "ownedby": 19, "address": "USA", "is_active": true}}, {"model": "game.developer", "pk": 27, "fields": {"name": "NetherRealm Studios", "ownedby": 23, "address": "USA", "is_active": true}}, {"model": "game.developer", "pk": 28, "fields": {"name": "SIE Bend Studio", "ownedby": 13, "address": "USA", "is_active": true}}, {"model": "game.developer", "pk": 29, "fields": {"name": "Experiment 101", "ownedby": 24, "address": "Sweden", "is_active": true}}, {"model": "game.developer", "pk": 30, "fields": {"name": "Gearbox Software", "ownedby": 15, "address": "USA", "is_active": true}}, {"model": "game.developer", "pk": 31, "fields": {"name": "Obsidian Entertainment", "ownedby": 26, "address": "USA", "is_active": true}}, {"model": "game.developer", "pk": 32, "fields": {"name": "Quantic Dream", "ownedby": 13, "address": "France", "is_active": true}}, {"model": "game.developer", "pk": 33, "fields": {"name": "4A Games", "ownedby": 27, "address": "Ukraine", "is_active": true}}, {"model": "game.developer", "pk": 34, "fields": {"name": "Nadeo Studio", "ownedby": 28, "address": "FR", "is_active": true}}, {"model": "game.developer", "pk": 35, "fields": {"name": "EA BLACKBOX", "ownedby": 29, "address": "US", "is_active": true}}, {"model": "game.genre", "pk": 35, "fields": {"name": "Action"}}, {"model": "game.genre", "pk": 36, "fields": {"name": "Adventure"}}, {"model": "game.genre", "pk": 37, "fields": {"name": "Puzzle"}}, {"model": "game.genre", "pk": 38, "fields": {"name": "Role Playing Game"}}, {"model": "game.genre", "pk": 39, "fields": {"name": "Simulation"}}, {"model": "game.genre", "pk": 40, "fields": {"name": "Strategy"}}, {"model": "game.genre", "pk": 41, "fields": {"name": "Sports"}}, {"model": "game.genre", "pk": 42, "fields": {"name": "Racing"}}, {"model": "game.genre", "pk": 43, "fields": {"name": "Rich Story"}}, {"model": "game.genre", "pk": 44, "fields": {"name": "First Person Shooter"}}, {"model": "game.genre", "pk": 45, "fields": {"name": "Third Person Shooter"}}, {"model": "game.genre", "pk": 46, "fields": {"name": "Horror"}}, {"model": "game.genre", "pk": 47, "fields": {"name": "Online Co-OP"}}, {"model": "game.genre", "pk": 48, "fields": {"name": "Fighting"}}, {"model": "game.genre", "pk": 49, "fields": {"name": "Walking Simulator"}}, {"model": "game.genre", "pk": 50, "fields": {"name": "Souls Like"}}, {"model": "game.game", "pk": 1, "fields": {"title": "God of War", "coverimage": "static/coverimages/god.jpg", "price": 60, "rating": 5.0, "publisher": 1, "publishyear": 2018, "developer": 1, "is_published": false, "genres": [35, 36, 43]}}, {"model": "game.game", "pk": 2, "fields": {"title": "Red Dead Redemption 2", "coverimage": "static/coverimages/indir_GMqsG3l.jpg", "price": 60, "rating": 4.0, "publisher": 2, "publishyear": 2018, "developer": 2, "is_published": true, "genres": [35, 36, 39, 45]}}, {"model": "game.game", "pk": 3, "fields": {"title": "Dying Light 2", "coverimage": "static/coverimages/Dying_Light_2_cover_art.jpg", "price": 90, "rating": 4.0, "publisher": 3, "publishyear": 2021, "developer": 3, "is_published": true, "genres": [35, 36, 38, 45]}}, {"model": "game.game", "pk": 4, "fields": {"title": "Cyberpunk 2077", "coverimage": "static/coverimages/cyber3_2.jpg", "price": 45, "rating": 4.5, "publisher": 4, "publishyear": 2020, "developer": 5, "is_published": true, "genres": [35, 36, 38, 43, 45]}}, {"model": "game.game", "pk": 5, "fields": {"title": "The Witcher 3: Wild Hunt", "coverimage": "static/coverimages/IMG_20190703_193801_20190704003950133_2.jpg", "price": 15, "rating": 5.0, "publisher": 4, "publishyear": 2015, "developer": 5, "is_published": true, "genres": [35, 36, 38, 43]}}, {"model": "game.game", "pk": 6, "fields": {"title": "Grand Theft Auto: San Andreas", "coverimage": "static/coverimages/indir.jpg", "price": 5, "rating": 5.0, "publisher": 2, "publishyear": 2004, "developer": 2, "is_published": true, "genres": [35, 43, 45]}}, {"model": "game.game", "pk": 7, "fields": {"title": "Dead by Daylight", "coverimage": "static/coverimages/124504765.jpg", "price": 8, "rating": 5.0, "publisher": 6, "publishyear": 2016, "developer": 6, "is_published": true, "genres": [46, 47]}}, {"model": "game.game", "pk": 8, "fields": {"title": "Gears 5", "coverimage": "static/coverimages/gearsof5.jpg", "price": 25, "rating": 2.67, "publisher": 7, "publishyear": 2019, "developer": 7, "is_published": true, "genres": [35, 36, 45]}}, {"model": "game.game", "pk": 11, "fields": {"title": "Batman Arkham City", "coverimage": "static/coverimages/_20190929_121537.JPG", "price": 60, "rating": 4.0, "publisher": 9, "publishyear": 2011, "developer": 8, "is_published": true, "genres": [35, 36, 43]}}, {"model": "game.game", "pk": 12, "fields": {"title": "Final Fantasy VII", "coverimage": "static/coverimages/111355-final-fantasy-vii-windows-front-cover_5bkOU7H.jpg", "price": 5, "rating": 4.0, "publisher": 12, "publishyear": 1997, "developer": 10, "is_published": true, "genres": [35, 36, 38, 43]}}, {"model": "game.game", "pk": 13, "fields": {"title": "Bloodborne", "coverimage": "static/coverimages/476119-bloodborne-playstation-4-front-cover_j7de3o4.jpg", "price": 21, "rating": 5.0, "publisher": 13, "publishyear": 2015, "developer": 11, "is_published": true, "genres": [35, 43, 50]}}, {"model": "game.game", "pk": 14, "fields": {"title": "Uncharted: Drakes Fortune", "coverimage": "static/coverimages/uncharted-drake-s-fortun_4047_Ucxyp38.jpg", "price": 12, "rating": 0.0, "publisher": 1, "publishyear": 2007, "developer": 9, "is_published": true, "genres": [35, 36, 43]}}, {"model": "game.game", "pk": 15, "fields": {"title": "Hades", "coverimage": "static/coverimages/Hades_cover_art.jpg", "price": 8, "rating": 0.0, "publisher": 11, "publishyear": 2020, "developer": 12, "is_published": true, "genres": [35, 36, 40, 43]}}, {"model": "game.game", "pk": 16, "fields": {"title": "Uncharted 2: Among Thieves", "coverimage": "static/coverimages/co2mct_G9Q9Xrj.jpg", "price": 12, "rating": 0.0, "publisher": 13, "publishyear": 2009, "developer": 9, "is_published": true, "genres": [35, 36, 43]}}, {"model": "game.game", "pk": 17, "fields": {"title": "Uncharted 3: Drakes Deception", "coverimage": "static/coverimages/Uncharted_3_Boxart_JVjhDHP.jpg", "price": 17, "rating": 0.0, "publisher": 13, "publishyear": 2011, "developer": 9, "is_published": true, "genres": [35, 36, 43]}}, {"model": "game.game", "pk": 19, "fields": {"title": "NieR: Automata", "coverimage": "static/coverimages/indir_1.jpg", "price": 27, "rating": 0.0, "publisher": 12, "publishyear": 2017, "developer": 13, "is_published": true, "genres": [35, 36, 38, 43]}}, {"model": "game.game", "pk": 20, "fields": {"title": "The Last of Us Part II", "coverimage": "static/coverimages/The-Last-of-Us-Part-II-Ps4.jpg", "price": 60, "rating": 4.0, "publisher": 13, "publishyear": 2020, "developer": 9, "is_published": true, "genres": [35, 36, 39, 43, 45]}}, {"model": "game.game", "pk": 21, "fields": {"title": "The Last of Us Remastered", "coverimage": "static/coverimages/the-last-of-us-remastered.jpg", "price": 25, "rating": 5.0, "publisher": 13, "publishyear": 2014, "developer": 9, "is_published": true, "genres": [35, 36, 43, 45]}}, {"model": "game.game", "pk": 22, "fields": {"title": "Horizon Zero Dawn", "coverimage": "static/coverimages/hzd_tall-1200x1600-d4b1057afd47f9256d8da71f2f187be4.jpg", "price": 40, "rating": 0.0, "publisher": 1, "publishyear": 2017, "developer": 14, "is_published": true, "genres": [35, 36, 43, 45]}}, {"model": "game.game", "pk": 23, "fields": {"title": "Grand Theft Auto V", "coverimage": "static/coverimages/indir_2_1e2ZhPb.jpg", "price": 35, "rating": 3.0, "publisher": 2, "publishyear": 2013, "developer": 2, "is_published": true, "genres": [35, 36, 42, 43, 44, 45]}}, {"model": "game.game", "pk": 24, "fields": {"title": "Sekiro: Shadows Die Twice", "coverimage": "static/coverimages/indir_3.jpg", "price": 28, "rating": 5.0, "publisher": 14, "publishyear": 2019, "developer": 11, "is_published": true, "genres": [35, 43, 50]}}, {"model": "game.game", "pk": 25, "fields": {"title": "Grand Theft Auto: Vice City", "coverimage": "static/coverimages/indir_4_DJVvc5K.jpg", "price": 3, "rating": 0.0, "publisher": 2, "publishyear": 2002, "developer": 2, "is_published": true, "genres": [35, 36, 43, 45, 47]}}, {"model": "game.game", "pk": 26, "fields": {"title": "Bioshock Infinite", "coverimage": "static/coverimages/Official_cover_art_for_Bioshock_Infinite.jpg", "price": 20, "rating": 0.0, "publisher": 15, "publishyear": 2013, "developer": 15, "is_published": true, "genres": [35, 36, 43, 45]}}, {"model": "game.game", "pk": 27, "fields": {"title": "Murdered: Soul Suspect", "coverimage": "static/coverimages/f2a709364f679ba56867125e422c.jpg", "price": 15, "rating": 5.0, "publisher": 12, "publishyear": 2014, "developer": 16, "is_published": true, "genres": [36, 43]}}, {"model": "game.game", "pk": 28, "fields": {"title": "Deus Ex: Mankind Divided", "coverimage": "static/coverimages/images.jpg", "price": 18, "rating": 0.0, "publisher": 12, "publishyear": 2016, "developer": 10, "is_published": true, "genres": [35, 36, 43, 44]}}, {"model": "game.game", "pk": 29, "fields": {"title": "Max Payne", "coverimage": "static/coverimages/Maxpaynebox_CMtKBmM.jpg", "price": 7, "rating": 0.0, "publisher": 2, "publishyear": 2001, "developer": 17, "is_published": true, "genres": [35, 36, 43, 45]}}, {"model": "game.game", "pk": 30, "fields": {"title": "Max Payne 3", "coverimage": "static/coverimages/Max_Payne_3_Cover_U9dNpdm.jpg", "price": 18, "rating": 0.0, "publisher": 16, "publishyear": 2012, "developer": 2, "is_published": true, "genres": [35, 36, 43, 45]}}, {"model": "game.game", "pk": 31, "fields": {"title": "Dark Souls III", "coverimage": "static/coverimages/gg2yRWq2g6TYTBO7lO5p2XkRalIS0ij-Ho6cpjKiElc_350x200_1x-0.jpeg", "price": 35, "rating": 5.0, "publisher": 17, "publishyear": 2016, "developer": 11, "is_published": true, "genres": [35, 43, 50]}}, {"model": "game.game", "pk": 32, "fields": {"title": "Mafia", "coverimage": "static/coverimages/indir_5_YmW6GuO.jpg", "price": 15, "rating": 0.0, "publisher": 16, "publishyear": 2002, "developer": 18, "is_published": true, "genres": [36, 43, 45]}}, {"model": "game.game", "pk": 33, "fields": {"title": "Uncharted 4: A Thiefs End", "coverimage": "static/coverimages/330413-uncharted-4-a-thief-s-end-playstation-4-front-cover_NOjz1kc.jpg", "price": 35, "rating": 5.0, "publisher": 13, "publishyear": 2016, "developer": 9, "is_published": true, "genres": [35, 36, 43, 45]}}, {"model": "game.game", "pk": 36, "fields": {"title": "Crysis 3", "coverimage": "static/coverimages/crysis-3-cover-i13843.jpg", "price": 13, "rating": 4.5, "publisher": 19, "publishyear": 2013, "developer": 20, "is_published": true, "genres": [35, 36, 43, 44]}}, {"model": "game.game", "pk": 37, "fields": {"title": "Sniper: Ghost Warrior 3", "coverimage": "static/coverimages/Sniper-Ghost-Warrior-3-Free-Download-Repacklab-5.jpeg", "price": 17, "rating": 0.0, "publisher": 20, "publishyear": 2017, "developer": 21, "is_published": true, "genres": [35, 44, 45]}}, {"model": "game.game", "pk": 38, "fields": {"title": "Mass Effect: Andromeda", "coverimage": "static/coverimages/indir_7.jpg", "price": 45, "rating": 0.0, "publisher": 19, "publishyear": 2017, "developer": 22, "is_published": true, "genres": [36, 38, 43, 45]}}, {"model": "game.game", "pk": 39, "fields": {"title": "Death Stranding", "coverimage": "static/coverimages/DS_key_art_final.jpeg", "price": 45, "rating": 3.0, "publisher": 13, "publishyear": 2019, "developer": 23, "is_published": true, "genres": [36, 43, 45, 49]}}, {"model": "game.game", "pk": 40, "fields": {"title": "Tom Clancys The Division 2", "coverimage": "static/coverimages/indir_8.jpg", "price": 50, "rating": 5.0, "publisher": 18, "publishyear": 2019, "developer": 24, "is_published": true, "genres": [45, 47]}}, {"model": "game.game", "pk": 41, "fields": {"title": "Divinity: Original Sin II", "coverimage": "static/coverimages/VOGkI2XAqqAZxtlsRA2nkSEYzy2A71KVqbCKQfESP8Y_350x200_3x-0.jpeg", "price": 25, "rating": 0.0, "publisher": 22, "publishyear": 2017, "developer": 25, "is_published": true, "genres": [36, 38, 40]}}, {"model": "game.game", "pk": 42, "fields": {"title": "Apex Legends", "coverimage": "static/coverimages/Apex.jpeg", "price": 0, "rating": 5.0, "publisher": 19, "publishyear": 2019, "developer": 26, "is_published": true, "genres": [44, 47]}}, {"model": "game.game", "pk": 43, "fields": {"title": "Far Cry 5", "coverimage": "static/coverimages/indir_9_WdlKiuN.jpg", "price": 32, "rating": 4.0, "publisher": 18, "publishyear": 2018, "developer": 19, "is_published": true, "genres": [36, 43, 44, 47]}}, {"model": "game.game", "pk": 44, "fields": {"title": "Tom Clancys Rainbow Six Siege", "coverimage": "static/coverimages/Tom_Clancys_Rainbow_Six_Siege_cover_art.jpg", "price": 16, "rating": 5.0, "publisher": 18, "publishyear": 2015, "developer": 19, "is_published": true, "genres": [40, 44, 47]}}, {"model": "game.game", "pk": 45, "fields": {"title": "Mortal Kombat 11", "coverimage": "static/coverimages/indir_10.jpg", "price": 35, "rating": 0.0, "publisher": 23, "publishyear": 2019, "developer": 27, "is_published": true, "genres": [47, 48]}}, {"model": "game.game", "pk": 46, "fields": {"title": "Days Gone", "coverimage": "static/coverimages/7023bf44d9d54e0ded10382084854d27.jpg", "price": 65, "rating": 3.0, "publisher": 13, "publishyear": 2019, "developer": 28, "is_published": true, "genres": [35, 36, 43, 45]}}, {"model": "game.game", "pk": 47, "fields": {"title": "Biomutant", "coverimage": "static/coverimages/uNwjNlO3E55ewwlyvTC_Y2AmL7d8dOnIcQaXGDzdfwc_350x200_1x-0.jpeg", "price": 45, "rating": 2.0, "publisher": 24, "publishyear": 2021, "developer": 29, "is_published": true, "genres": [36, 43]}}, {"model": "game.game", "pk": 48, "fields": {"title": "Borderlands 3", "coverimage": "static/coverimages/indir_11.jpg", "price": 35, "rating": 0.0, "publisher": 15, "publishyear": 2019, "developer": 30, "is_published": true, "genres": [35, 43, 44]}}, {"model": "game.game", "pk": 49, "fields": {"title": "Watch Dogs: Legion", "coverimage": "static/coverimages/indir_12.jpg", "price": 70, "rating": 4.0, "publisher": 18, "publishyear": 2020, "developer": 19, "is_published": true, "genres": [43, 47]}}, {"model": "game.game", "pk": 50, "fields": {"title": "Tom Clancys Ghost Recon: Breakpoint", "coverimage": "static/coverimages/600181-tom-clancy-s-ghost-recon-breakpoint-windows-front-cover.jpg", "price": 60, "rating": 5.0, "publisher": 18, "publishyear": 2019, "developer": 19, "is_published": true, "genres": [35, 45, 47]}}, {"model": "game.game", "pk": 51, "fields": {"title": "Control", "coverimage": "static/coverimages/572770-control-xbox-one-front-cover.jpg", "price": 35, "rating": 3.67, "publisher": 25, "publishyear": 2019, "developer": 17, "is_published": true, "genres": [35, 43, 45, 46]}}, {"model": "game.game", "pk": 52, "fields": {"title": "The Outer Worlds", "coverimage": "static/coverimages/outer-worlds0coverpc.jpg", "price": 25, "rating": 0.0, "publisher": 26, "publishyear": 2019, "developer": 31, "is_published": true, "genres": [35, 38, 45]}}, {"model": "game.game", "pk": 53, "fields": {"title": "Detroit: Become Human", "coverimage": "static/coverimages/0z4sq7.jpg", "price": 25, "rating": 5.0, "publisher": 13, "publishyear": 2018, "developer": 32, "is_published": true, "genres": [36, 43]}}, {"model": "game.game", "pk": 54, "fields": {"title": "Heavy Rain", "coverimage": "static/coverimages/HEAVYRAIN2-860x1148-1bbec73268268bf6901efc1206f46462.jpg", "price": 15, "rating": 5.0, "publisher": 13, "publishyear": 2010, "developer": 32, "is_published": true, "genres": [36, 43, 46]}}, {"model": "game.game", "pk": 55, "fields": {"title": "Beyond: Two Souls", "coverimage": "static/coverimages/BEYOND2-860x1148-1e66455c8afe406002542c681abcd2fa_t7ZRgBL.jpg", "price": 20, "rating": 4.0, "publisher": 13, "publishyear": 2013, "developer": 32, "is_published": true, "genres": [36, 43]}}, {"model": "game.game", "pk": 56, "fields": {"title": "Metro Exodus", "coverimage": "static/coverimages/indir_13.jpg", "price": 45, "rating": 0.0, "publisher": 27, "publishyear": 2019, "developer": 33, "is_published": true, "genres": [35, 36, 43, 44]}}, {"model": "game.game", "pk": 57, "fields": {"title": "TrackMania 2: Stadium", "coverimage": "static/coverimages/6aEcJeUjVllRsXbQM11Vt15Lgpe61XizRSXB6nBPlPI_390x400_1x-0.jpeg", "price": 30, "rating": 3.0, "publisher": 28, "publishyear": 2013, "developer": 34, "is_published": true, "genres": [39, 41, 42]}}, {"model": "game.game", "pk": 58, "fields": {"title": "Need for Speed: Underground 2", "coverimage": "static/coverimages/NFS_Underground_2.jpg", "price": 10, "rating": 0.0, "publisher": 29, "publishyear": 2004, "developer": 35, "is_published": true, "genres": [41, 42]}}, {"model": "game.platform", "pk": 1, "fields": {"game": 1, "type": "Playstation"}}, {"model": "game.platform", "pk": 2, "fields": {"game": 1, "type": "PC"}}]